--
-- PostgreSQL database dump
--

\restrict IdMIaiGSoOoIeOdP3ZiIfsk65HYLk3aqf4V7UdNK7CWaS2hcQgeukg4OTKiTCYl

-- Dumped from database version 17.7 (Homebrew)
-- Dumped by pg_dump version 17.9 (Homebrew)

SET statement_timeout = 0;
SET lock_timeout = 0;
SET idle_in_transaction_session_timeout = 0;
SET transaction_timeout = 0;
SET client_encoding = 'UTF8';
SET standard_conforming_strings = on;
SELECT pg_catalog.set_config('search_path', '', false);
SET check_function_bodies = false;
SET xmloption = content;
SET client_min_messages = warning;
SET row_security = off;

--
-- Data for Name: exams; Type: TABLE DATA; Schema: public; Owner: -
--

INSERT INTO public.exams (id, slug, title, source_school, tags, total_duration_minutes, is_published, created_at, updated_at) VALUES ('019da080-5445-70bb-8182-4516af651a77', 'vstep-demo-1', 'VSTEP Practice Test 1', 'HNUE', '["#FullTest","#B1B2"]', 172, true, '2026-04-18 12:10:57', '2026-04-22 03:58:11');
INSERT INTO public.exams (id, slug, title, source_school, tags, total_duration_minutes, is_published, created_at, updated_at) VALUES ('019db356-9ddc-70de-889d-1e0eea27bd4c', 'vstep-practice-2', 'VSTEP Practice Test 2', 'VNU', '["#FullTest","#B2C1"]', 172, true, '2026-04-22 03:58:11', '2026-04-22 03:58:11');
INSERT INTO public.exams (id, slug, title, source_school, tags, total_duration_minutes, is_published, created_at, updated_at) VALUES ('019db356-9de2-70ec-95e0-9cd113537fef', 'vstep-practice-3', 'VSTEP Practice Test 3', 'HCMUTE', '["#FullTest","#B1B2"]', 172, true, '2026-04-22 03:58:11', '2026-04-22 03:58:11');


--
-- Data for Name: exam_versions; Type: TABLE DATA; Schema: public; Owner: -
--

INSERT INTO public.exam_versions (id, exam_id, version_number, published_at, is_active, created_at) VALUES ('019da080-5446-713a-8891-aa19bf52ad17', '019da080-5445-70bb-8182-4516af651a77', 1, '2026-04-18 12:10:57', true, '2026-04-18 12:10:57');
INSERT INTO public.exam_versions (id, exam_id, version_number, published_at, is_active, created_at) VALUES ('019db356-9de1-7328-a7dc-56af4e4756e7', '019db356-9ddc-70de-889d-1e0eea27bd4c', 1, '2026-04-22 03:58:11', true, '2026-04-22 03:58:11');
INSERT INTO public.exam_versions (id, exam_id, version_number, published_at, is_active, created_at) VALUES ('019db356-9de3-72c7-a710-26c3b272542d', '019db356-9de2-70ec-95e0-9cd113537fef', 1, '2026-04-22 03:58:11', true, '2026-04-22 03:58:11');


--
-- Data for Name: exam_version_listening_sections; Type: TABLE DATA; Schema: public; Owner: -
--

INSERT INTO public.exam_version_listening_sections (id, exam_version_id, part, part_title, duration_minutes, audio_url, transcript, display_order) VALUES ('019db189-8bf8-7229-9148-7e294bb16d8a', '019da080-5446-713a-8891-aa19bf52ad17', 2, 'Part 2 · Hotel Reservation', 4, '/storage/audio/listening/exam_p2_09_019db189.mp3', 'Receptionist: Good afternoon, Grand Palace Hotel. How may I help you?
Guest: Hello, I''d like to book a room for three nights, from the 15th to the 18th of next month.
Receptionist: Let me check availability. For those dates, we have a double room available on the 8th floor with a city view.
Guest: That sounds nice. What''s the rate?
Receptionist: It''s 1.2 million dong per night, and that includes breakfast for two.
Guest: Does it include anything else, like airport transfer?
Receptionist: I''m afraid the airport transfer is an additional charge. But breakfast is included in the room rate.
Guest: Alright, I''ll take it.
Receptionist: Wonderful. Could I have your passport number to complete the reservation?
Guest: Sure, let me get it.', 9);
INSERT INTO public.exam_version_listening_sections (id, exam_version_id, part, part_title, duration_minutes, audio_url, transcript, display_order) VALUES ('019db189-8bfb-7139-ae9c-22a32b322d11', '019da080-5446-713a-8891-aa19bf52ad17', 2, 'Part 2 · Job Interview Discussion', 4, '/storage/audio/listening/exam_p2_10_019db189.mp3', 'Interviewer: Thank you for coming in today. I''ve reviewed your resume. You''re applying for the marketing assistant position, correct?
Candidate: Yes, that''s right. I''m very interested in the role.
Interviewer: I can see you have about two years of experience in digital marketing. Can you tell me about your previous role?
Candidate: I worked at a small agency where I managed social media accounts and helped create content for various clients.
Interviewer: That''s good experience. For this position, we really emphasize communication skills, as you''ll be working directly with clients and presenting campaign ideas.
Candidate: I understand. In my previous role, I regularly presented reports to clients, so I''m comfortable with that.
Interviewer: Excellent. We have a few more candidates to interview. We''ll announce the results next week by email.
Candidate: Thank you. I look forward to hearing from you.', 10);
INSERT INTO public.exam_version_listening_sections (id, exam_version_id, part, part_title, duration_minutes, audio_url, transcript, display_order) VALUES ('019db189-8bfe-7156-af7c-3b6edf43f674', '019da080-5446-713a-8891-aa19bf52ad17', 3, 'Part 3 · Climate Change Lecture', 6, '/storage/audio/listening/exam_p3_11_019db189.mp3', 'Good morning, everyone. Today I want to discuss the effects of global warming on our planet. As you may know, the global average temperature has increased by approximately 1.1 degrees Celsius since the pre-industrial era. This may seem like a small number, but its effects are enormous. One of the most visible consequences is the melting of polar ice caps. The Arctic ice sheet has been shrinking at an alarming rate, losing about 13 percent per decade. This contributes to rising sea levels, which threaten coastal communities worldwide. Scientists warn that if we don''t take urgent action to reduce greenhouse gas emissions, we could see a temperature increase of 3 degrees or more by the end of this century. The situation is urgent, and we must act now. Reducing carbon emissions through renewable energy, better transportation, and changes in consumption patterns are all essential steps.', 11);
INSERT INTO public.exam_version_listening_sections (id, exam_version_id, part, part_title, duration_minutes, audio_url, transcript, display_order) VALUES ('019db189-8c01-7144-9802-45fd53da5b04', '019da080-5446-713a-8891-aa19bf52ad17', 3, 'Part 3 · History of the Internet', 6, '/storage/audio/listening/exam_p3_12_019db189.mp3', 'Let''s take a journey through the history of the internet. It all began in 1969 when the United States Department of Defense created ARPANET, a network designed for military communication during the Cold War. The original purpose was to create a communication system that could survive a nuclear attack. For the first two decades, the internet was mainly used by researchers and academics. The real transformation came in 1991 when Tim Berners-Lee invented the World Wide Web, making the internet accessible to ordinary people. Since then, the growth has been extraordinary. Today, there are approximately 5 billion internet users worldwide. However, this rapid growth has also raised serious concerns, particularly about privacy. Our personal data is constantly being collected, stored, and sometimes misused by companies and governments.', 12);
INSERT INTO public.exam_version_listening_sections (id, exam_version_id, part, part_title, duration_minutes, audio_url, transcript, display_order) VALUES ('019db189-8be9-713d-86b9-a285a9e5468b', '019da080-5446-713a-8891-aa19bf52ad17', 1, 'Part 1 · Library Notice', 1, '/storage/audio/listening/exam_p1_01_019db189.mp3', 'Dear students, please be informed that the university library will have adjusted hours this week due to maintenance work. From Monday to Friday, the library will close at 8 PM instead of the usual 10 PM. Regular hours will resume next Monday. We apologize for any inconvenience.', 1);
INSERT INTO public.exam_version_listening_sections (id, exam_version_id, part, part_title, duration_minutes, audio_url, transcript, display_order) VALUES ('019db189-8bea-73f1-aaa4-29e5fd102400', '019da080-5446-713a-8891-aa19bf52ad17', 1, 'Part 1 · Store Promotion', 1, '/storage/audio/listening/exam_p1_02_019db189.mp3', 'Welcome to MegaMart! This weekend only, enjoy a special 20 percent discount on all electronics, including laptops, tablets, and smartphones. Visit our electronics department on the second floor. This offer is valid until Sunday at closing time. Don''t miss out!', 2);
INSERT INTO public.exam_version_listening_sections (id, exam_version_id, part, part_title, duration_minutes, audio_url, transcript, display_order) VALUES ('019db189-8bec-7382-a471-fab67b995dc4', '019da080-5446-713a-8891-aa19bf52ad17', 1, 'Part 1 · Weather Report', 1, '/storage/audio/listening/exam_p1_03_019db189.mp3', 'Good morning. Here is your weather update for the Ho Chi Minh City area. Today will be mostly sunny with temperatures reaching 34 degrees. However, tomorrow we expect heavy rain throughout the day with possible thunderstorms in the afternoon. Residents are advised to carry umbrellas.', 3);
INSERT INTO public.exam_version_listening_sections (id, exam_version_id, part, part_title, duration_minutes, audio_url, transcript, display_order) VALUES ('019db189-8bef-70da-9d1c-d5ebcca2b0e0', '019da080-5446-713a-8891-aa19bf52ad17', 1, 'Part 1 · Hospital Notice', 1, '/storage/audio/listening/exam_p1_05_019db189.mp3', 'Attention all visitors. For the safety of our patients, all visitors must register at the reception desk on the ground floor before entering the patient wards. Please have your identification ready. Visiting hours are from 9 AM to 11 AM and 2 PM to 4 PM daily.', 5);
INSERT INTO public.exam_version_listening_sections (id, exam_version_id, part, part_title, duration_minutes, audio_url, transcript, display_order) VALUES ('019db189-8bf1-7079-b666-a6aa33e76d2b', '019da080-5446-713a-8891-aa19bf52ad17', 1, 'Part 1 · Train Station Update', 1, '/storage/audio/listening/exam_p1_06_019db189.mp3', 'We regret to inform passengers that the 3:15 PM express train to Hanoi is currently delayed by approximately 45 minutes due to a technical issue with the signaling system. Engineers are working to resolve the problem. We will provide further updates shortly. Thank you for your patience.', 6);
INSERT INTO public.exam_version_listening_sections (id, exam_version_id, part, part_title, duration_minutes, audio_url, transcript, display_order) VALUES ('019db189-8bf3-72b2-91e4-5cbf9742c1c4', '019da080-5446-713a-8891-aa19bf52ad17', 1, 'Part 1 · Office Memo', 1, '/storage/audio/listening/exam_p1_07_019db189.mp3', 'Dear colleagues, starting from next Monday, the company will implement a new remote work policy. Employees may work from home up to three days per week, subject to manager approval. Please review the detailed guidelines on the company intranet and discuss your schedule with your team leader.', 7);
INSERT INTO public.exam_version_listening_sections (id, exam_version_id, part, part_title, duration_minutes, audio_url, transcript, display_order) VALUES ('019db359-0d96-70de-9a7c-c2680703314b', '019db356-9de1-7328-a7dc-56af4e4756e7', 1, 'Part 1 · Office Announcement', 1, '/storage/audio/listening/exam_p1_05_019db359.mp3', 'Dear colleagues, the IT department will be performing system maintenance this Saturday from 8 AM to 2 PM. During this time, access to the company email and internal systems will be unavailable. Please save all important work before Friday evening.', 5);
INSERT INTO public.exam_version_listening_sections (id, exam_version_id, part, part_title, duration_minutes, audio_url, transcript, display_order) VALUES ('019db359-dcf4-7292-8bd0-289f2299bae1', '019db356-9de1-7328-a7dc-56af4e4756e7', 2, 'Part 2 · Doctor and Patient', 4, '/storage/audio/listening/exam_p2_08_019db359.mp3', 'Doctor: Good morning. What seems to be the problem today?
Patient: I have had a terrible headache for three days and I feel dizzy sometimes.
Doctor: I see. Have you been sleeping well?
Patient: Not really. I have been working very long hours this week.
Doctor: That could be the cause. I would like to check your blood pressure. It seems slightly elevated. I am going to prescribe some medication and I strongly recommend you take a few days off work.
Patient: Is it serious?
Doctor: Not at this stage, but if you continue at this pace, it could become a problem. I would also suggest reducing your caffeine intake and drinking more water.
Patient: How long should I take the medication?
Doctor: For one week. Come back and see me if the headaches do not improve.', 8);
INSERT INTO public.exam_version_listening_sections (id, exam_version_id, part, part_title, duration_minutes, audio_url, transcript, display_order) VALUES ('019db359-0d8f-71ed-9961-d7ece823e451', '019db356-9de1-7328-a7dc-56af4e4756e7', 1, 'Part 1 · Flight Announcement', 1, '/storage/audio/listening/exam_p1_01_019db359.mp3', 'Ladies and gentlemen, this is a final boarding call for passengers on flight VN 318 to Ho Chi Minh City. Please proceed immediately to gate C12. The gate will close in ten minutes. Thank you.', 1);
INSERT INTO public.exam_version_listening_sections (id, exam_version_id, part, part_title, duration_minutes, audio_url, transcript, display_order) VALUES ('019db189-8be3-7231-8736-ed66e7e6a7ca', '019da080-5446-713a-8891-aa19bf52ad17', 1, 'Part 1 · Airport Announcement', 1, '/storage/audio/listening/exam_p1_00_019db189.mp3', 'Attention all passengers. Due to a last-minute change, Flight VN 205 to Da Nang will now depart from Gate B7 instead of Gate A3. Please proceed to Gate B7 immediately. Boarding will begin in fifteen minutes. Thank you for your understanding.', 0);
INSERT INTO public.exam_version_listening_sections (id, exam_version_id, part, part_title, duration_minutes, audio_url, transcript, display_order) VALUES ('019db359-0d91-73ac-ba2a-a3fca8101c9e', '019db356-9de1-7328-a7dc-56af4e4756e7', 1, 'Part 1 · Supermarket Notice', 1, '/storage/audio/listening/exam_p1_02_019db359.mp3', 'Attention shoppers. Our bakery section is offering a special buy-two-get-one-free promotion on all bread products today only. This offer is available while stocks last. Thank you for shopping with us.', 2);
INSERT INTO public.exam_version_listening_sections (id, exam_version_id, part, part_title, duration_minutes, audio_url, transcript, display_order) VALUES ('019db359-0d95-728b-90ac-fda3fddb74b6', '019db356-9de1-7328-a7dc-56af4e4756e7', 1, 'Part 1 · Weather Update', 1, '/storage/audio/listening/exam_p1_04_019db359.mp3', 'This is your morning weather update. Expect heavy rain and strong winds throughout the day in the northern provinces. Residents are advised to stay indoors if possible and avoid coastal areas. The storm is expected to pass by tomorrow morning.', 4);
INSERT INTO public.exam_version_listening_sections (id, exam_version_id, part, part_title, duration_minutes, audio_url, transcript, display_order) VALUES ('019db189-8bee-724c-b78a-12fc937e15ba', '019da080-5446-713a-8891-aa19bf52ad17', 1, 'Part 1 · School Announcement', 1, '/storage/audio/listening/exam_p1_04_019db189.mp3', 'Good morning, students. This is a reminder that the annual parent-teacher meeting will be held this Friday in the school auditorium from 2 PM to 5 PM. All students are required to inform their parents. Please collect the invitation letters from your homeroom teachers today.', 4);
INSERT INTO public.exam_version_listening_sections (id, exam_version_id, part, part_title, duration_minutes, audio_url, transcript, display_order) VALUES ('019db359-0d98-70c4-a88a-3ce2ceb551da', '019db356-9de1-7328-a7dc-56af4e4756e7', 1, 'Part 1 · Hospital Notice', 1, '/storage/audio/listening/exam_p1_06_019db359.mp3', 'Visiting hours at City General Hospital have been updated. Visitors are now permitted between 10 AM and 12 PM and between 3 PM and 5 PM daily. A maximum of two visitors per patient is allowed at any time. Please check in at reception upon arrival.', 6);
INSERT INTO public.exam_version_listening_sections (id, exam_version_id, part, part_title, duration_minutes, audio_url, transcript, display_order) VALUES ('019db35d-9693-7207-be87-32336e023ef8', '019db356-9de3-72c7-a710-26c3b272542d', 1, 'Part 1 · Company Announcement', 1, '/storage/audio/listening/exam_p1_06_019db35d.mp3', 'Dear team, we are pleased to announce that our company has been awarded the National Excellence in Customer Service Award for the third consecutive year. A celebration lunch will be held this Friday at noon.', 6);
INSERT INTO public.exam_version_listening_sections (id, exam_version_id, part, part_title, duration_minutes, audio_url, transcript, display_order) VALUES ('019db359-0d99-709e-841a-b5b46f5c6ca9', '019db356-9de1-7328-a7dc-56af4e4756e7', 1, 'Part 1 · Train Announcement', 1, '/storage/audio/listening/exam_p1_07_019db359.mp3', 'The 2:45 PM service to Da Nang is now ready for boarding on platform 3. This train makes stops at Hue and Dong Ha. Passengers are reminded to keep their tickets ready for inspection. Doors will close in five minutes.', 7);
INSERT INTO public.exam_version_listening_sections (id, exam_version_id, part, part_title, duration_minutes, audio_url, transcript, display_order) VALUES ('019db35d-9695-7074-a4c4-1b90aaa8e380', '019db356-9de3-72c7-a710-26c3b272542d', 1, 'Part 1 · Health Clinic Notice', 1, '/storage/audio/listening/exam_p1_07_019db35d.mp3', 'The community health clinic will be offering free blood pressure and diabetes screenings this Saturday from 9 AM to 1 PM. No appointment is necessary. This service is available to all residents aged 40 and above.', 7);
INSERT INTO public.exam_version_listening_sections (id, exam_version_id, part, part_title, duration_minutes, audio_url, transcript, display_order) VALUES ('019db359-dcff-72c8-8e50-5f1c068fd751', '019db356-9de1-7328-a7dc-56af4e4756e7', 2, 'Part 2 · Apartment Rental', 4, '/storage/audio/listening/exam_p2_09_019db359.mp3', 'Agent: Hello, I understand you are looking for a two-bedroom apartment?
Tenant: Yes, ideally near the city center and within my budget of 8 million dong per month.
Agent: I have a lovely apartment on Nguyen Hue Street. It is on the fifth floor with a great view. The rent is 7.5 million per month.
Tenant: That sounds good. Is it furnished?
Agent: Yes, fully furnished with air conditioning in all rooms. Utilities are not included though.
Tenant: What about parking?
Agent: There is one parking space included. Additional spaces cost 500,000 dong per month.
Tenant: When is it available?
Agent: From the first of next month. You would need to pay two months deposit upfront.
Tenant: I would like to view it this weekend if possible.
Agent: Of course. How about Saturday at 10 AM?', 9);
INSERT INTO public.exam_version_listening_sections (id, exam_version_id, part, part_title, duration_minutes, audio_url, transcript, display_order) VALUES ('019db189-8c04-7220-9dfa-90d106acf260', '019da080-5446-713a-8891-aa19bf52ad17', 3, 'Part 3 · Nutrition and Health Talk', 6, '/storage/audio/listening/exam_p3_13_019db189.mp3', 'Thank you for joining today''s health seminar. I''d like to talk about the importance of maintaining a balanced diet. Many people underestimate how much their food choices affect their overall health. Nutritionists recommend eating at least five servings of fruits and vegetables every day. These provide essential vitamins, minerals, and fiber that our bodies need. Speaking of fiber, this is the nutrient I want to focus on today. Fiber helps with digestion, reduces cholesterol, and can even help prevent certain types of cancer. Unfortunately, many people rely too heavily on processed food. While it may be convenient, processed food should be avoided as much as possible because it''s often high in sugar, salt, and unhealthy fats. My recommendation is simple: start keeping a food diary. Write down everything you eat for two weeks. You''ll be surprised at the patterns you discover, and it will help you make better choices.', 13);
INSERT INTO public.exam_version_listening_sections (id, exam_version_id, part, part_title, duration_minutes, audio_url, transcript, display_order) VALUES ('019db35d-968a-70e8-8b96-fbb323ebbf78', '019db356-9de3-72c7-a710-26c3b272542d', 1, 'Part 1 · Gym Notice', 1, '/storage/audio/listening/exam_p1_01_019db35d.mp3', 'Attention gym members. The swimming pool will be closed for maintenance from Monday to Wednesday next week. The gym and fitness classes will remain open as usual. We apologize for any inconvenience.', 1);
INSERT INTO public.exam_version_listening_sections (id, exam_version_id, part, part_title, duration_minutes, audio_url, transcript, display_order) VALUES ('019db35d-968c-716c-9a96-071f3782817d', '019db356-9de3-72c7-a710-26c3b272542d', 1, 'Part 1 · Bus Service Update', 1, '/storage/audio/listening/exam_p1_02_019db35d.mp3', 'Passengers are advised that due to road construction on Le Loi Street, bus routes 12 and 15 will be diverted via Nguyen Trai Street from Monday. The diversion is expected to last approximately three weeks.', 2);
INSERT INTO public.exam_version_listening_sections (id, exam_version_id, part, part_title, duration_minutes, audio_url, transcript, display_order) VALUES ('019db35d-968e-70be-a259-ad8400db3a0f', '019db356-9de3-72c7-a710-26c3b272542d', 1, 'Part 1 · University Library', 1, '/storage/audio/listening/exam_p1_03_019db35d.mp3', 'Dear students, the university library will extend its opening hours during the examination period. From next Monday, the library will be open from 7 AM to midnight, seven days a week.', 3);
INSERT INTO public.exam_version_listening_sections (id, exam_version_id, part, part_title, duration_minutes, audio_url, transcript, display_order) VALUES ('019db35d-968f-7301-b599-e241e692dd8a', '019db356-9de3-72c7-a710-26c3b272542d', 1, 'Part 1 · Restaurant Promotion', 1, '/storage/audio/listening/exam_p1_04_019db35d.mp3', 'Good evening, diners. This month, every table of four or more receives a complimentary dessert platter. Simply mention this offer when ordering. The promotion runs until the end of the month.', 4);
INSERT INTO public.exam_version_listening_sections (id, exam_version_id, part, part_title, duration_minutes, audio_url, transcript, display_order) VALUES ('019db35a-7994-72a7-8f40-c3cdf2440294', '019db356-9de1-7328-a7dc-56af4e4756e7', 3, 'Part 3 · Urban Farming', 6, '/storage/audio/listening/exam_p3_12_019db35a.mp3', 'Welcome to today lecture on urban farming, a growing movement that is transforming how cities think about food production. Urban farming refers to the practice of growing food within city boundaries, using spaces such as rooftops, balconies, vacant lots, and even indoor vertical farms.

The movement has gained momentum for several reasons. First, it addresses food security concerns in densely populated cities. By producing food locally, cities can reduce their dependence on long supply chains that are vulnerable to disruption. During the COVID-19 pandemic, for example, many urban farms played a crucial role in supplying fresh produce when distribution networks were strained.

Second, urban farming has environmental benefits. It reduces the carbon footprint associated with transporting food over long distances. Green roofs and vertical gardens also help regulate building temperatures, reducing energy consumption for heating and cooling.

Third, urban farms create community spaces. Community gardens bring residents together, provide educational opportunities for children, and can improve mental health by connecting people with nature.

However, urban farming faces significant challenges. Land in cities is expensive and scarce. Water usage can be high. And the scale of production is generally too small to feed entire urban populations. Urban farming is best understood as a supplement to, rather than a replacement for, conventional agriculture.

Despite these limitations, the future of urban farming looks promising. Advances in vertical farming technology, hydroponics, and LED lighting are making indoor food production increasingly efficient and cost-effective.', 12);
INSERT INTO public.exam_version_listening_sections (id, exam_version_id, part, part_title, duration_minutes, audio_url, transcript, display_order) VALUES ('019db35e-09fd-71f7-a97c-2331c61daeb6', '019db356-9de3-72c7-a710-26c3b272542d', 2, 'Part 2 · Workplace Conflict', 4, '/storage/audio/listening/exam_p2_09_019db35e.mp3', 'Manager: Come in, please sit down. I understand there has been some tension between you and your colleague recently.
Employee: Yes, I am sorry to bring this up, but I feel my contributions to the project are not being acknowledged.
Manager: Can you give me a specific example?
Employee: Last week, I developed the entire marketing strategy, but in the presentation to the board, only my colleague was credited.
Manager: I see. That does sound frustrating. Did you speak to your colleague about this?
Employee: I tried, but they said it was an oversight and it would not happen again.
Manager: I appreciate you bringing this to me. Going forward, I will ensure that all team contributions are properly documented and credited. I will also speak with your colleague.
Employee: Thank you. I just want to be recognized for my work.
Manager: That is completely reasonable. Let us schedule a team meeting next week to establish clearer guidelines for project attribution.', 9);
INSERT INTO public.exam_version_listening_sections (id, exam_version_id, part, part_title, duration_minutes, audio_url, transcript, display_order) VALUES ('019db35e-ac05-72de-b634-1e11c611f39f', '019db356-9de3-72c7-a710-26c3b272542d', 3, 'Part 3 · The Science of Happiness', 6, '/storage/audio/listening/exam_p3_11_019db35e.mp3', 'Good morning. Today I want to explore what psychological research tells us about happiness and well-being. For much of history, happiness was considered a philosophical concept. Today, it is a serious field of scientific inquiry.

Researchers distinguish between two types of happiness. Hedonic happiness refers to the experience of pleasure and the absence of pain. Eudaimonic happiness refers to a deeper sense of meaning, purpose, and fulfillment. Studies suggest that eudaimonic happiness is more strongly associated with long-term well-being.

One of the most robust findings in happiness research is the importance of social connections. People with strong relationships consistently report higher levels of happiness than those who are socially isolated. The Harvard Study of Adult Development, which followed participants for over 80 years, found that the quality of relationships was the single strongest predictor of happiness and health in old age.

Money does have some relationship with happiness, but the effect is more limited than most people assume. Research suggests that happiness increases with income up to a point where basic needs and security are met, but beyond that, additional wealth has diminishing returns on well-being.

Gratitude practices have been shown to significantly boost happiness. People who regularly write down things they are grateful for report higher levels of positive emotion and life satisfaction. Exercise is another powerful happiness booster, with studies showing effects comparable to antidepressant medication for mild to moderate depression.

The good news is that happiness is not entirely determined by genetics or circumstances. Research suggests that approximately 40% of our happiness is within our control through intentional activities and mindset.', 11);
INSERT INTO public.exam_version_listening_sections (id, exam_version_id, part, part_title, duration_minutes, audio_url, transcript, display_order) VALUES ('019db35d-9683-7333-a6b1-03241596b6dd', '019db356-9de3-72c7-a710-26c3b272542d', 1, 'Part 1 · Cinema Announcement', 1, '/storage/audio/listening/exam_p1_00_019db35d.mp3', 'Welcome to Galaxy Cinema. Tonight screening of The Last Journey begins at 7:30 PM in Hall 3. Please note that mobile phones must be switched off during the film. Refreshments are available at the lobby counter. Enjoy the show.', 0);
INSERT INTO public.exam_version_listening_sections (id, exam_version_id, part, part_title, duration_minutes, audio_url, transcript, display_order) VALUES ('019db359-0d88-72a3-b77f-0586ffa36953', '019db356-9de1-7328-a7dc-56af4e4756e7', 1, 'Part 1 · Museum Announcement', 1, '/storage/audio/listening/exam_p1_00_019db359.mp3', 'Attention visitors. The Egyptian exhibition on the third floor will close at 4 PM today for a private event. All other galleries remain open until 6 PM. Audio guides are available at the information desk on the ground floor.', 0);
INSERT INTO public.exam_version_listening_sections (id, exam_version_id, part, part_title, duration_minutes, audio_url, transcript, display_order) VALUES ('019db359-0d93-71cb-910b-05b246d1f012', '019db356-9de1-7328-a7dc-56af4e4756e7', 1, 'Part 1 · School Notice', 1, '/storage/audio/listening/exam_p1_03_019db359.mp3', 'Good morning, students. Please be reminded that tomorrow is a public holiday and there will be no classes. School will resume on Wednesday. Students who have submitted assignments should check the online portal for feedback.', 3);
INSERT INTO public.exam_version_listening_sections (id, exam_version_id, part, part_title, duration_minutes, audio_url, transcript, display_order) VALUES ('019db35d-9691-70a1-9248-83caccc57d1a', '019db356-9de3-72c7-a710-26c3b272542d', 1, 'Part 1 · Airport Security', 1, '/storage/audio/listening/exam_p1_05_019db35d.mp3', 'Attention all passengers. Please ensure all liquids in your carry-on baggage are in containers of 100 milliliters or less. Electronic devices must be removed from bags and placed in the tray separately.', 5);
INSERT INTO public.exam_version_listening_sections (id, exam_version_id, part, part_title, duration_minutes, audio_url, transcript, display_order) VALUES ('019db35e-09f3-70a6-9e21-b4fdea38b17a', '019db356-9de3-72c7-a710-26c3b272542d', 2, 'Part 2 · Travel Agency', 4, '/storage/audio/listening/exam_p2_08_019db35e.mp3', 'Agent: Good afternoon, Sun Travel Agency. How can I help you?
Customer: Hi, I am planning a trip to Japan for two weeks in April. Can you help me with a package?
Agent: Absolutely. We have an excellent 14-day package that includes flights, hotels, and a guided tour of Tokyo, Kyoto, and Osaka.
Customer: That sounds great. What is the price?
Agent: The standard package is 45 million dong per person, including all accommodation and breakfast daily.
Customer: Does it include the bullet train between cities?
Agent: Yes, the Shinkansen pass is included. You would need to budget separately for lunches, dinners, and personal shopping.
Customer: What about travel insurance?
Agent: We strongly recommend it. We can arrange comprehensive travel insurance for an additional 2 million dong.
Customer: I will need to discuss it with my partner first. Can I call back tomorrow?
Agent: Of course. I will hold the current pricing until Friday.', 8);
INSERT INTO public.exam_version_listening_sections (id, exam_version_id, part, part_title, duration_minutes, audio_url, transcript, display_order) VALUES ('019db189-8bf4-7052-bb71-892dfc55bfb9', '019da080-5446-713a-8891-aa19bf52ad17', 2, 'Part 2 · Student & Professor', 4, '/storage/audio/listening/exam_p2_08_019db189.mp3', 'Student: Excuse me, Professor Nguyen. Do you have a moment? I need to talk about my schedule.
Professor: Of course, come in. What seems to be the problem?
Student: Well, I just realized that my Biology lab and my English class are at the same time on Wednesdays. There''s a schedule conflict.
Professor: I see. Have you checked if there are other sections available for either course?
Student: I looked, but the only other Biology section is already full.
Professor: In that case, I''d suggest you change to a different English section. There should be openings in the Tuesday-Thursday section.
Student: Oh, that would work! When is the deadline to make changes?
Professor: You have until next week to submit the change request through the online portal.
Student: Thank you so much, Professor. I''m really relieved. I was worried I''d have to drop one of the courses.
Professor: No problem. Just make sure you complete the change before the deadline.', 8);
INSERT INTO public.exam_version_listening_sections (id, exam_version_id, part, part_title, duration_minutes, audio_url, transcript, display_order) VALUES ('019db35e-0a01-70e9-9e30-4af95d887584', '019db356-9de3-72c7-a710-26c3b272542d', 2, 'Part 2 · Environmental Project', 4, '/storage/audio/listening/exam_p2_10_019db35e.mp3', 'Interviewer: Thank you for joining us today. Can you tell us about your community environmental project?
Activist: Of course. We started the Green Neighborhood Initiative three years ago. Our main goal is to reduce plastic waste in our local area.
Interviewer: What specific actions have you taken?
Activist: We have organized monthly clean-up events, installed recycling stations in the neighborhood, and run educational workshops in local schools.
Interviewer: What has been the biggest challenge?
Activist: Getting people to change their habits. Many residents understand the problem intellectually but find it difficult to change their daily routines.
Interviewer: Have you seen measurable results?
Activist: Yes, we have reduced plastic waste in our area by approximately 40% over three years. We have also inspired three neighboring communities to start similar initiatives.
Interviewer: What are your plans for the future?
Activist: We want to expand our school program and work with local businesses to eliminate single-use plastics entirely.', 10);
INSERT INTO public.exam_version_listening_sections (id, exam_version_id, part, part_title, duration_minutes, audio_url, transcript, display_order) VALUES ('019db359-dd03-705f-849c-a88caf2c76cf', '019db356-9de1-7328-a7dc-56af4e4756e7', 2, 'Part 2 · University Enrollment', 4, '/storage/audio/listening/exam_p2_10_019db359.mp3', 'Student: Excuse me, I need help with my course enrollment. I cannot access the online system.
Advisor: Let me check your account. What is your student ID?
Student: It is 20240156.
Advisor: I see the problem. Your account was temporarily suspended because your tuition fee payment has not been processed yet.
Student: But I paid last week by bank transfer.
Advisor: Do you have the transaction receipt?
Student: Yes, I have it on my phone.
Advisor: Perfect. I can process this manually and restore your access within 24 hours. You should also email a copy of the receipt to the finance department.
Student: Will I be able to enroll in all my courses?
Advisor: Yes, as long as you enroll before the deadline, which is this Friday at 5 PM.
Student: Thank you so much. I was worried I would miss the deadline.', 10);
INSERT INTO public.exam_version_listening_sections (id, exam_version_id, part, part_title, duration_minutes, audio_url, transcript, display_order) VALUES ('019db35a-798b-7084-8fc8-5b6858221ad3', '019db356-9de1-7328-a7dc-56af4e4756e7', 3, 'Part 3 · The Benefits of Bilingualism', 6, '/storage/audio/listening/exam_p3_11_019db35a.mp3', 'Good afternoon, everyone. Today I want to discuss the cognitive and social benefits of being bilingual. Research over the past two decades has consistently shown that speaking two languages provides significant advantages beyond simple communication.

First, bilingual individuals show enhanced executive function. This refers to the ability to focus attention, switch between tasks, and ignore irrelevant information. Because bilinguals constantly manage two language systems, their brains become more efficient at these cognitive control tasks.

Second, studies suggest that bilingualism may delay the onset of dementia by an average of four to five years. The mental exercise of managing two languages appears to build cognitive reserve, which helps the brain compensate for age-related decline.

Third, bilingual children often demonstrate greater cultural awareness and empathy. Exposure to two languages means exposure to two cultures, which broadens perspective and improves social skills.

However, it is important to note that bilingualism does not make children smarter in all areas. Academic performance depends on many factors including teaching quality, socioeconomic background, and individual motivation. The cognitive benefits are specific to executive function and certain memory tasks.

In conclusion, the evidence strongly supports encouraging bilingual education. The benefits extend beyond language skills to include cognitive health, cultural understanding, and social development.', 11);
INSERT INTO public.exam_version_listening_sections (id, exam_version_id, part, part_title, duration_minutes, audio_url, transcript, display_order) VALUES ('019db35e-ac0e-70e2-bc6b-55a8c419eebe', '019db356-9de3-72c7-a710-26c3b272542d', 3, 'Part 3 · Renewable Energy Transition', 6, '/storage/audio/listening/exam_p3_12_019db35e.mp3', 'Welcome to this lecture on the global transition to renewable energy. The shift away from fossil fuels toward clean energy sources is one of the defining challenges and opportunities of our time.

The case for renewable energy is compelling. Fossil fuels are finite resources that will eventually be exhausted. More urgently, burning them releases carbon dioxide and other greenhouse gases that are driving climate change. The scientific consensus is clear: to limit global warming to 1.5 degrees Celsius above pre-industrial levels, global carbon emissions must reach net zero by 2050.

Solar and wind power have experienced dramatic cost reductions over the past decade. The cost of solar electricity has fallen by approximately 90% since 2010, making it now the cheapest source of electricity in history in many parts of the world. Wind power has seen similar cost reductions.

However, the transition faces significant challenges. Renewable energy sources are intermittent: the sun does not always shine and the wind does not always blow. This requires investment in energy storage technologies, particularly batteries, and in grid infrastructure to balance supply and demand.

The transition also has social dimensions. Communities that depend on coal mining and fossil fuel industries face economic disruption. A just transition requires investment in retraining workers and developing alternative economic opportunities in affected regions.

Despite these challenges, the momentum behind renewable energy is accelerating. Many countries have set ambitious targets for carbon neutrality. Investment in clean energy now exceeds investment in fossil fuels globally. The question is no longer whether the transition will happen, but how quickly and equitably it can be achieved.', 12);
INSERT INTO public.exam_version_listening_sections (id, exam_version_id, part, part_title, duration_minutes, audio_url, transcript, display_order) VALUES ('019db35a-7998-72a3-8ded-9ec6589804d2', '019db356-9de1-7328-a7dc-56af4e4756e7', 3, 'Part 3 · The History of Money', 6, '/storage/audio/listening/exam_p3_13_019db35a.mp3', 'Today I want to take you through the fascinating history of money, from ancient barter systems to modern digital currencies. Understanding how money evolved helps us appreciate its role in society and economy.

Before money existed, people used barter, exchanging goods and services directly. While barter worked in small communities, it had a fundamental problem: the double coincidence of wants. You needed to find someone who had what you wanted and wanted what you had. This was inefficient and limited trade.

The solution was commodity money, where objects with intrinsic value, such as grain, cattle, or shells, were used as a medium of exchange. Around 600 BCE, the Lydians in modern-day Turkey are credited with minting the first metal coins. These coins had a standardized weight and were stamped with official marks to guarantee their value.

Paper money originated in China during the Tang Dynasty around 700 CE. Merchants found it inconvenient to carry heavy coins, so they deposited them with trusted agents and received paper receipts. These receipts gradually became accepted as payment themselves.

The gold standard, adopted by many countries in the 19th century, tied the value of paper money to a fixed amount of gold. This provided stability but limited governments ability to respond to economic crises. Most countries abandoned the gold standard during the 20th century.

Today, we use fiat money, which has value because governments declare it legal tender, not because it is backed by a physical commodity. The latest development is digital currency, including cryptocurrencies like Bitcoin, which operate without central bank control.', 13);
INSERT INTO public.exam_version_listening_sections (id, exam_version_id, part, part_title, duration_minutes, audio_url, transcript, display_order) VALUES ('019db35e-ac12-72d8-ac57-ab8a8ccb91c3', '019db356-9de3-72c7-a710-26c3b272542d', 3, 'Part 3 · The Evolution of Language', 6, '/storage/audio/listening/exam_p3_13_019db35e.mp3', 'Today I want to discuss one of the most fascinating questions in linguistics: how did human language evolve? Language is uniquely human. While other animals communicate, no other species has developed a system of communication with the complexity, flexibility, and expressive power of human language.

The origins of language are difficult to study because language leaves no direct fossil record. Researchers must rely on indirect evidence, including the anatomy of ancient human skulls, the development of symbolic behavior in the archaeological record, and comparisons with other primates.

One influential theory is that language evolved gradually from earlier forms of communication. Our ancestors may have begun with simple calls and gestures, gradually developing more complex vocalizations. The development of the hyoid bone, which supports the tongue and enables complex speech sounds, is an important anatomical marker. Modern-shaped hyoid bones have been found in Neanderthal fossils, suggesting they may have had some capacity for speech.

Another theory proposes that language emerged relatively suddenly as a result of a genetic mutation that rewired the brain for symbolic thinking. This view is supported by the apparent explosion of symbolic behavior in the archaeological record around 50,000 years ago, including cave paintings, jewelry, and complex tools.

Language is not just a communication tool. It shapes how we think. The Sapir-Whorf hypothesis proposes that the language we speak influences our perception of reality. While the strong version of this hypothesis has been largely rejected, research does show that language affects certain aspects of cognition, including color perception and spatial reasoning.

Understanding language evolution helps us understand what makes us human. Language enables culture, cooperation, and the accumulation of knowledge across generations.', 13);


--
-- Data for Name: exam_version_listening_items; Type: TABLE DATA; Schema: public; Owner: -
--

INSERT INTO public.exam_version_listening_items (id, section_id, display_order, stem, options, correct_index) VALUES ('019db189-8be8-707f-b805-bff67bed7424', '019db189-8be3-7231-8736-ed66e7e6a7ca', 0, 'What is the announcement about?', '["A gate change","A flight cancellation","A boarding call","A baggage claim"]', 0);
INSERT INTO public.exam_version_listening_items (id, section_id, display_order, stem, options, correct_index) VALUES ('019db189-8be9-713d-86b9-a285aa23a07f', '019db189-8be9-713d-86b9-a285a9e5468b', 0, 'When will the library close this week?', '["5 PM","6 PM","8 PM","9 PM"]', 2);
INSERT INTO public.exam_version_listening_items (id, section_id, display_order, stem, options, correct_index) VALUES ('019db189-8beb-7270-95c0-1795e47d043e', '019db189-8bea-73f1-aaa4-29e5fd102400', 0, 'What discount is being offered?', '["10%","20%","30%","50%"]', 1);
INSERT INTO public.exam_version_listening_items (id, section_id, display_order, stem, options, correct_index) VALUES ('019db189-8bed-7123-8714-d7202959ef97', '019db189-8bec-7382-a471-fab67b995dc4', 0, 'What weather is expected tomorrow?', '["Sunny","Rainy","Snowy","Cloudy"]', 1);
INSERT INTO public.exam_version_listening_items (id, section_id, display_order, stem, options, correct_index) VALUES ('019db189-8bef-70da-9d1c-d5ebcc2f2b1c', '019db189-8bee-724c-b78a-12fc937e15ba', 0, 'What event is being announced?', '["A sports day","A field trip","A parent meeting","A book fair"]', 2);
INSERT INTO public.exam_version_listening_items (id, section_id, display_order, stem, options, correct_index) VALUES ('019db189-8bf0-70ff-9d3c-f57cbe3697f3', '019db189-8bef-70da-9d1c-d5ebcca2b0e0', 0, 'What should visitors do?', '["Register at reception","Wear a mask","Show ID","Call ahead"]', 0);
INSERT INTO public.exam_version_listening_items (id, section_id, display_order, stem, options, correct_index) VALUES ('019db189-8bf2-71c6-a339-7bf2ec70a15a', '019db189-8bf1-7079-b666-a6aa33e76d2b', 0, 'What is the cause of the delay?', '["Bad weather","Technical issue","Staff shortage","Construction"]', 1);
INSERT INTO public.exam_version_listening_items (id, section_id, display_order, stem, options, correct_index) VALUES ('019db189-8bf4-7052-bb71-892dfbaaea6a', '019db189-8bf3-72b2-91e4-5cbf9742c1c4', 0, 'What is the new policy about?', '["Dress code","Working hours","Parking","Remote work"]', 3);
INSERT INTO public.exam_version_listening_items (id, section_id, display_order, stem, options, correct_index) VALUES ('019db189-8bf5-72ec-8c6b-0f6c9e53f56c', '019db189-8bf4-7052-bb71-892dfc55bfb9', 0, 'What is the student''s problem?', '["Missing assignment","Low grade","Schedule conflict","Tuition fee"]', 2);
INSERT INTO public.exam_version_listening_items (id, section_id, display_order, stem, options, correct_index) VALUES ('019db189-8bf5-72ec-8c6b-0f6c9e95969a', '019db189-8bf4-7052-bb71-892dfc55bfb9', 1, 'What does the professor suggest?', '["Drop the course","Talk to the dean","Change sections","Submit late"]', 2);
INSERT INTO public.exam_version_listening_items (id, section_id, display_order, stem, options, correct_index) VALUES ('019db189-8bf6-72ab-ba59-66e4fd5e9925', '019db189-8bf4-7052-bb71-892dfc55bfb9', 2, 'When is the deadline?', '["Monday","Wednesday","Friday","Next week"]', 3);
INSERT INTO public.exam_version_listening_items (id, section_id, display_order, stem, options, correct_index) VALUES ('019db189-8bf7-723a-8c8e-cc285c1c8e2c', '019db189-8bf4-7052-bb71-892dfc55bfb9', 3, 'How does the student feel?', '["Relieved","Frustrated","Confused","Grateful"]', 0);
INSERT INTO public.exam_version_listening_items (id, section_id, display_order, stem, options, correct_index) VALUES ('019db189-8bf9-7369-af25-215a9ab97def', '019db189-8bf8-7229-9148-7e294bb16d8a', 0, 'How many nights does the guest want to stay?', '["2","3","4","5"]', 1);
INSERT INTO public.exam_version_listening_items (id, section_id, display_order, stem, options, correct_index) VALUES ('019db189-8bf9-7369-af25-215a9b924605', '019db189-8bf8-7229-9148-7e294bb16d8a', 1, 'What type of room is available?', '["Single","Double","Suite","Deluxe"]', 1);
INSERT INTO public.exam_version_listening_items (id, section_id, display_order, stem, options, correct_index) VALUES ('019db189-8bfa-727f-ba5a-09f8a5eac98e', '019db189-8bf8-7229-9148-7e294bb16d8a', 2, 'What is included in the price?', '["Breakfast","Airport transfer","Spa access","Parking"]', 0);
INSERT INTO public.exam_version_listening_items (id, section_id, display_order, stem, options, correct_index) VALUES ('019db189-8bfb-7139-ae9c-22a32ac37623', '019db189-8bf8-7229-9148-7e294bb16d8a', 3, 'What does the receptionist ask for?', '["Passport","Credit card","Phone number","Email"]', 0);
INSERT INTO public.exam_version_listening_items (id, section_id, display_order, stem, options, correct_index) VALUES ('019db189-8bfc-730c-a996-8dfdd467fb8d', '019db189-8bfb-7139-ae9c-22a32b322d11', 0, 'What position is being discussed?', '["Manager","Intern","Accountant","Marketing assistant"]', 3);
INSERT INTO public.exam_version_listening_items (id, section_id, display_order, stem, options, correct_index) VALUES ('019db189-8bfc-730c-a996-8dfdd51ff6f5', '019db189-8bfb-7139-ae9c-22a32b322d11', 1, 'What experience does the candidate have?', '["1 year","2 years","3 years","None"]', 1);
INSERT INTO public.exam_version_listening_items (id, section_id, display_order, stem, options, correct_index) VALUES ('019db189-8bfd-7395-ba1a-19573bbc0e86', '019db189-8bfb-7139-ae9c-22a32b322d11', 2, 'What skill does the interviewer emphasize?', '["Leadership","Teamwork","Communication","Technical"]', 2);
INSERT INTO public.exam_version_listening_items (id, section_id, display_order, stem, options, correct_index) VALUES ('019db189-8bfd-7395-ba1a-19573bcdfa80', '019db189-8bfb-7139-ae9c-22a32b322d11', 3, 'When will the result be announced?', '["Today","Tomorrow","Next week","In two weeks"]', 2);
INSERT INTO public.exam_version_listening_items (id, section_id, display_order, stem, options, correct_index) VALUES ('019db189-8bff-704f-bfa8-6aa3dd3c9505', '019db189-8bfe-7156-af7c-3b6edf43f674', 0, 'What is the main topic of the lecture?', '["Ocean pollution","Global warming effects","Renewable energy","Deforestation"]', 1);
INSERT INTO public.exam_version_listening_items (id, section_id, display_order, stem, options, correct_index) VALUES ('019db189-8bff-704f-bfa8-6aa3ddcdd675', '019db189-8bfe-7156-af7c-3b6edf43f674', 1, 'According to the speaker, what has increased by 1.1°C?', '["Ocean temperature","Global average temperature","Arctic temperature","City temperature"]', 1);
INSERT INTO public.exam_version_listening_items (id, section_id, display_order, stem, options, correct_index) VALUES ('019db189-8c00-72b6-b17e-f3616b4fee91', '019db189-8bfe-7156-af7c-3b6edf43f674', 2, 'What example does the speaker give?', '["Flooding in Europe","Drought in Africa","Melting ice caps","Forest fires"]', 2);
INSERT INTO public.exam_version_listening_items (id, section_id, display_order, stem, options, correct_index) VALUES ('019db189-8c00-72b6-b17e-f3616c10762d', '019db189-8bfe-7156-af7c-3b6edf43f674', 3, 'What solution does the speaker propose?', '["Nuclear energy","Carbon tax","Reducing emissions","Planting trees"]', 2);
INSERT INTO public.exam_version_listening_items (id, section_id, display_order, stem, options, correct_index) VALUES ('019db189-8c01-7144-9802-45fd534748d7', '019db189-8bfe-7156-af7c-3b6edf43f674', 4, 'What is the speaker''s tone?', '["Optimistic","Neutral","Urgent","Pessimistic"]', 2);
INSERT INTO public.exam_version_listening_items (id, section_id, display_order, stem, options, correct_index) VALUES ('019db189-8c02-7387-8754-ff4cb86694ed', '019db189-8c01-7144-9802-45fd53da5b04', 0, 'When was ARPANET created?', '["1959","1969","1979","1989"]', 1);
INSERT INTO public.exam_version_listening_items (id, section_id, display_order, stem, options, correct_index) VALUES ('019db189-8c02-7387-8754-ff4cb91b686d', '019db189-8c01-7144-9802-45fd53da5b04', 1, 'What was the original purpose?', '["Entertainment","Military communication","Education","Commerce"]', 1);
INSERT INTO public.exam_version_listening_items (id, section_id, display_order, stem, options, correct_index) VALUES ('019db189-8c03-727f-b74f-cc664c04de07', '019db189-8c01-7144-9802-45fd53da5b04', 2, 'What invention made the internet popular?', '["Email","Social media","World Wide Web","Smartphones"]', 2);
INSERT INTO public.exam_version_listening_items (id, section_id, display_order, stem, options, correct_index) VALUES ('019db189-8c03-727f-b74f-cc664caee4c7', '019db189-8c01-7144-9802-45fd53da5b04', 3, 'How many users does the speaker mention?', '["1 billion","3 billion","5 billion","7 billion"]', 2);
INSERT INTO public.exam_version_listening_items (id, section_id, display_order, stem, options, correct_index) VALUES ('019db189-8c04-7220-9dfa-90d1062b38d7', '019db189-8c01-7144-9802-45fd53da5b04', 4, 'What concern does the speaker raise?', '["Cost","Speed","Privacy","Access"]', 2);
INSERT INTO public.exam_version_listening_items (id, section_id, display_order, stem, options, correct_index) VALUES ('019db189-8c06-71b3-92c6-def9b16f016f', '019db189-8c04-7220-9dfa-90d106acf260', 0, 'What is the talk mainly about?', '["Exercise routines","Balanced diet","Mental health","Sleep habits"]', 1);
INSERT INTO public.exam_version_listening_items (id, section_id, display_order, stem, options, correct_index) VALUES ('019db189-8c07-703d-a724-95a6696f7e29', '019db189-8c04-7220-9dfa-90d106acf260', 1, 'How many servings of vegetables are recommended?', '["2","3","5","7"]', 2);
INSERT INTO public.exam_version_listening_items (id, section_id, display_order, stem, options, correct_index) VALUES ('019db189-8c07-703d-a724-95a66a2a0946', '019db189-8c04-7220-9dfa-90d106acf260', 2, 'What does the speaker say about processed food?', '["It is convenient","It should be avoided","It is nutritious","It is cheap"]', 1);
INSERT INTO public.exam_version_listening_items (id, section_id, display_order, stem, options, correct_index) VALUES ('019db189-8c08-72c7-aab2-cc7da378e8eb', '019db189-8c04-7220-9dfa-90d106acf260', 3, 'What nutrient does the speaker focus on?', '["Protein","Fiber","Vitamins","Iron"]', 1);
INSERT INTO public.exam_version_listening_items (id, section_id, display_order, stem, options, correct_index) VALUES ('019db189-8c08-72c7-aab2-cc7da468a553', '019db189-8c04-7220-9dfa-90d106acf260', 4, 'What does the speaker recommend at the end?', '["See a doctor","Keep a food diary","Take supplements","Skip meals"]', 1);
INSERT INTO public.exam_version_listening_items (id, section_id, display_order, stem, options, correct_index) VALUES ('019db359-0d8e-72e1-970c-1d21c4d8c59c', '019db359-0d88-72a3-b77f-0586ffa36953', 0, 'What will close early today?', '["The entire museum","The Egyptian exhibition","The gift shop","The cafe"]', 1);
INSERT INTO public.exam_version_listening_items (id, section_id, display_order, stem, options, correct_index) VALUES ('019db359-0d90-7377-8d6e-13e0e028ca6d', '019db359-0d8f-71ed-9961-d7ece823e451', 0, 'What is the announcement about?', '["A gate change","A flight delay","A final boarding call","A cancellation"]', 2);
INSERT INTO public.exam_version_listening_items (id, section_id, display_order, stem, options, correct_index) VALUES ('019db359-0d92-7186-901d-bfb7c38068a2', '019db359-0d91-73ac-ba2a-a3fca8101c9e', 0, 'What is the promotion?', '["Buy one get one free","Buy two get one free","50% off all items","Free delivery"]', 1);
INSERT INTO public.exam_version_listening_items (id, section_id, display_order, stem, options, correct_index) VALUES ('019db359-0d94-7230-a210-14d7f62c2ed9', '019db359-0d93-71cb-910b-05b246d1f012', 0, 'When will school resume?', '["Monday","Tuesday","Wednesday","Thursday"]', 2);
INSERT INTO public.exam_version_listening_items (id, section_id, display_order, stem, options, correct_index) VALUES ('019db359-0d96-70de-9a7c-c26806694cfe', '019db359-0d95-728b-90ac-fda3fddb74b6', 0, 'What weather is expected?', '["Sunny and warm","Heavy rain and strong winds","Light drizzle","Foggy conditions"]', 1);
INSERT INTO public.exam_version_listening_items (id, section_id, display_order, stem, options, correct_index) VALUES ('019db359-0d97-72f9-83c8-cae471bd8342', '019db359-0d96-70de-9a7c-c2680703314b', 0, 'When will maintenance occur?', '["Friday evening","Saturday 8 AM to 2 PM","Sunday morning","Monday morning"]', 1);
INSERT INTO public.exam_version_listening_items (id, section_id, display_order, stem, options, correct_index) VALUES ('019db359-0d99-709e-841a-b5b46e6cb4f9', '019db359-0d98-70c4-a88a-3ce2ceb551da', 0, 'What is the maximum number of visitors per patient?', '["One","Two","Three","Four"]', 1);
INSERT INTO public.exam_version_listening_items (id, section_id, display_order, stem, options, correct_index) VALUES ('019db359-0d9a-7299-a3aa-f9b558a2046b', '019db359-0d99-709e-841a-b5b46f5c6ca9', 0, 'Where does this train stop?', '["Hue only","Da Nang only","Hue and Dong Ha","Dong Ha only"]', 2);
INSERT INTO public.exam_version_listening_items (id, section_id, display_order, stem, options, correct_index) VALUES ('019db359-dcfa-7222-bfe2-5891841b6c38', '019db359-dcf4-7292-8bd0-289f2299bae1', 0, 'What is the patient complaining about?', '["Stomach pain","Headache and dizziness","Back pain","Fever"]', 1);
INSERT INTO public.exam_version_listening_items (id, section_id, display_order, stem, options, correct_index) VALUES ('019db359-dcfb-706d-8406-483ab422be66', '019db359-dcf4-7292-8bd0-289f2299bae1', 1, 'What does the doctor think is causing the problem?', '["Poor diet","Working long hours","Lack of exercise","Too much caffeine"]', 1);
INSERT INTO public.exam_version_listening_items (id, section_id, display_order, stem, options, correct_index) VALUES ('019db359-dcfd-706e-baf2-dcedf41115f1', '019db359-dcf4-7292-8bd0-289f2299bae1', 2, 'What does the doctor prescribe?', '["Surgery","Medication and rest","Only rest","Only medication"]', 1);
INSERT INTO public.exam_version_listening_items (id, section_id, display_order, stem, options, correct_index) VALUES ('019db359-dcfe-70af-b995-22c1043056c1', '019db359-dcf4-7292-8bd0-289f2299bae1', 3, 'How long should the patient take the medication?', '["Three days","One week","Two weeks","One month"]', 1);
INSERT INTO public.exam_version_listening_items (id, section_id, display_order, stem, options, correct_index) VALUES ('019db359-dd00-71bf-9db6-adc3e77ae89f', '019db359-dcff-72c8-8e50-5f1c068fd751', 0, 'What is the tenant looking for?', '["A studio apartment","A two-bedroom apartment","A three-bedroom house","An office"]', 1);
INSERT INTO public.exam_version_listening_items (id, section_id, display_order, stem, options, correct_index) VALUES ('019db359-dd00-71bf-9db6-adc3e832e2eb', '019db359-dcff-72c8-8e50-5f1c068fd751', 1, 'What is the monthly rent?', '["8 million dong","7.5 million dong","7 million dong","8.5 million dong"]', 1);
INSERT INTO public.exam_version_listening_items (id, section_id, display_order, stem, options, correct_index) VALUES ('019db359-dd01-720a-8cf0-2d34f7cad083', '019db359-dcff-72c8-8e50-5f1c068fd751', 2, 'What is NOT included in the rent?', '["Furniture","Air conditioning","Utilities","Parking"]', 2);
INSERT INTO public.exam_version_listening_items (id, section_id, display_order, stem, options, correct_index) VALUES ('019db359-dd03-705f-849c-a88caeebd272', '019db359-dcff-72c8-8e50-5f1c068fd751', 3, 'When can the tenant view the apartment?', '["Friday evening","Saturday at 10 AM","Sunday morning","Monday afternoon"]', 1);
INSERT INTO public.exam_version_listening_items (id, section_id, display_order, stem, options, correct_index) VALUES ('019db359-dd04-718e-9c8e-e3b8a6e5f5c4', '019db359-dd03-705f-849c-a88caf2c76cf', 0, 'Why cannot the student access the system?', '["Wrong password","Account suspended due to unpaid fees","System maintenance","Expired account"]', 1);
INSERT INTO public.exam_version_listening_items (id, section_id, display_order, stem, options, correct_index) VALUES ('019db359-dd04-718e-9c8e-e3b8a6fde861', '019db359-dd03-705f-849c-a88caf2c76cf', 1, 'What does the student have as proof of payment?', '["A bank statement","A transaction receipt on their phone","A letter from the bank","A credit card"]', 1);
INSERT INTO public.exam_version_listening_items (id, section_id, display_order, stem, options, correct_index) VALUES ('019db359-dd05-70f8-b16b-f30f1703d28a', '019db359-dd03-705f-849c-a88caf2c76cf', 2, 'How long will it take to restore access?', '["Immediately","24 hours","48 hours","One week"]', 1);
INSERT INTO public.exam_version_listening_items (id, section_id, display_order, stem, options, correct_index) VALUES ('019db359-dd06-72f5-b3bc-d0e9f45da062', '019db359-dd03-705f-849c-a88caf2c76cf', 3, 'When is the enrollment deadline?', '["Thursday at 5 PM","Friday at 5 PM","Saturday morning","Monday morning"]', 1);
INSERT INTO public.exam_version_listening_items (id, section_id, display_order, stem, options, correct_index) VALUES ('019db35a-7990-700c-8144-fd4164957ed1', '019db35a-798b-7084-8fc8-5b6858221ad3', 0, 'What is the main topic of the lecture?', '["Language learning methods","The benefits of bilingualism","Problems with bilingual education","How to learn a second language"]', 1);
INSERT INTO public.exam_version_listening_items (id, section_id, display_order, stem, options, correct_index) VALUES ('019db35a-7991-7399-9c69-df76153d241e', '019db35a-798b-7084-8fc8-5b6858221ad3', 1, 'What is executive function?', '["The ability to speak two languages","The ability to focus, switch tasks, and ignore irrelevant information","Memory for vocabulary","Reading speed"]', 1);
INSERT INTO public.exam_version_listening_items (id, section_id, display_order, stem, options, correct_index) VALUES ('019db35a-7991-7399-9c69-df76158b12bb', '019db35a-798b-7084-8fc8-5b6858221ad3', 2, 'By how many years can bilingualism delay dementia?', '["One to two years","Two to three years","Four to five years","Ten years"]', 2);
INSERT INTO public.exam_version_listening_items (id, section_id, display_order, stem, options, correct_index) VALUES ('019db35a-7992-7141-8b37-8393475e3a1c', '019db35a-798b-7084-8fc8-5b6858221ad3', 3, 'What social benefit does bilingualism provide?', '["Higher income","Greater cultural awareness and empathy","Better athletic performance","Faster reading"]', 1);
INSERT INTO public.exam_version_listening_items (id, section_id, display_order, stem, options, correct_index) VALUES ('019db35a-7993-7147-aa39-898fe6ab4174', '019db35a-798b-7084-8fc8-5b6858221ad3', 4, 'What does the speaker say bilingualism does NOT do?', '["Improve executive function","Make children smarter in all areas","Delay dementia","Improve cultural awareness"]', 1);
INSERT INTO public.exam_version_listening_items (id, section_id, display_order, stem, options, correct_index) VALUES ('019db35a-7995-7130-a643-24e606dbe260', '019db35a-7994-72a7-8f40-c3cdf2440294', 0, 'What is urban farming?', '["Farming in rural areas","Growing food within city boundaries","Importing food to cities","Farming using robots"]', 1);
INSERT INTO public.exam_version_listening_items (id, section_id, display_order, stem, options, correct_index) VALUES ('019db35a-7995-7130-a643-24e607aa1a47', '019db35a-7994-72a7-8f40-c3cdf2440294', 1, 'What role did urban farms play during COVID-19?', '["They replaced all food imports","They supplied fresh produce when distribution was strained","They closed down","They increased food prices"]', 1);
INSERT INTO public.exam_version_listening_items (id, section_id, display_order, stem, options, correct_index) VALUES ('019db35a-7996-7009-9da2-f9a1fd12b5d8', '019db35a-7994-72a7-8f40-c3cdf2440294', 2, 'What environmental benefit does urban farming provide?', '["It eliminates all carbon emissions","It reduces carbon footprint from food transport","It produces more food than conventional farming","It eliminates the need for pesticides"]', 1);
INSERT INTO public.exam_version_listening_items (id, section_id, display_order, stem, options, correct_index) VALUES ('019db35a-7997-7387-80ca-79c643a2a8f2', '019db35a-7994-72a7-8f40-c3cdf2440294', 3, 'What is described as a challenge for urban farming?', '["Lack of technology","Expensive and scarce land","Too many volunteers","Government opposition"]', 1);
INSERT INTO public.exam_version_listening_items (id, section_id, display_order, stem, options, correct_index) VALUES ('019db35a-7998-72a3-8ded-9ec657c53234', '019db35a-7994-72a7-8f40-c3cdf2440294', 4, 'How does the speaker describe urban farming in relation to conventional agriculture?', '["A replacement","A competitor","A supplement","An alternative"]', 2);
INSERT INTO public.exam_version_listening_items (id, section_id, display_order, stem, options, correct_index) VALUES ('019db35a-7999-722c-9fea-41169a27d3e9', '019db35a-7998-72a3-8ded-9ec6589804d2', 0, 'What was the main problem with barter?', '["It was too slow","The double coincidence of wants","Goods were too heavy","People did not trust each other"]', 1);
INSERT INTO public.exam_version_listening_items (id, section_id, display_order, stem, options, correct_index) VALUES ('019db35a-799a-703c-84fe-2dcf2db0cb9c', '019db35a-7998-72a3-8ded-9ec6589804d2', 1, 'Who is credited with minting the first metal coins?', '["The Chinese","The Romans","The Lydians","The Greeks"]', 2);
INSERT INTO public.exam_version_listening_items (id, section_id, display_order, stem, options, correct_index) VALUES ('019db35a-799a-703c-84fe-2dcf2e8f7ce8', '019db35a-7998-72a3-8ded-9ec6589804d2', 2, 'Where did paper money originate?', '["Rome","China","India","Egypt"]', 1);
INSERT INTO public.exam_version_listening_items (id, section_id, display_order, stem, options, correct_index) VALUES ('019db35a-799b-7222-9a27-c751a65883cf', '019db35a-7998-72a3-8ded-9ec6589804d2', 3, 'What did the gold standard do?', '["Eliminated paper money","Tied paper money value to gold","Created digital currency","Replaced coins with paper"]', 1);
INSERT INTO public.exam_version_listening_items (id, section_id, display_order, stem, options, correct_index) VALUES ('019db35a-799c-7147-8082-c5f733f43fb0', '019db35a-7998-72a3-8ded-9ec6589804d2', 4, 'What is fiat money?', '["Money backed by gold","Money backed by silver","Money that has value because governments declare it legal tender","Digital cryptocurrency"]', 2);
INSERT INTO public.exam_version_listening_items (id, section_id, display_order, stem, options, correct_index) VALUES ('019db35d-9688-70bd-b4f5-792006170c30', '019db35d-9683-7333-a6b1-03241596b6dd', 0, 'What time does the film start?', '["6:30 PM","7:00 PM","7:30 PM","8:00 PM"]', 2);
INSERT INTO public.exam_version_listening_items (id, section_id, display_order, stem, options, correct_index) VALUES ('019db35d-968b-7006-9246-a5321aa3cb69', '019db35d-968a-70e8-8b96-fbb323ebbf78', 0, 'What will be closed next week?', '["The gym","The fitness classes","The swimming pool","The entire facility"]', 2);
INSERT INTO public.exam_version_listening_items (id, section_id, display_order, stem, options, correct_index) VALUES ('019db35d-968d-703c-a74e-8982c6afcef9', '019db35d-968c-716c-9a96-071f3782817d', 0, 'Why are bus routes being diverted?', '["A special event","Road construction","An accident","Bad weather"]', 1);
INSERT INTO public.exam_version_listening_items (id, section_id, display_order, stem, options, correct_index) VALUES ('019db35d-968f-7301-b599-e241e65de343', '019db35d-968e-70be-a259-ad8400db3a0f', 0, 'What are the new library hours?', '["8 AM to 10 PM","7 AM to midnight","9 AM to 11 PM","6 AM to midnight"]', 1);
INSERT INTO public.exam_version_listening_items (id, section_id, display_order, stem, options, correct_index) VALUES ('019db35d-9690-7164-bed2-54062d1b87e4', '019db35d-968f-7301-b599-e241e692dd8a', 0, 'What is the promotion?', '["Free main course","Complimentary dessert for tables of four or more","50% off all food","Free drinks"]', 1);
INSERT INTO public.exam_version_listening_items (id, section_id, display_order, stem, options, correct_index) VALUES ('019db35d-9692-72fd-8175-ea2d1e510fec', '019db35d-9691-70a1-9248-83caccc57d1a', 0, 'What must passengers do with electronic devices?', '["Keep them in bags","Remove them and place in a tray","Turn them off","Leave them at home"]', 1);
INSERT INTO public.exam_version_listening_items (id, section_id, display_order, stem, options, correct_index) VALUES ('019db35d-9694-71f9-9afb-75a10bb621aa', '019db35d-9693-7207-be87-32336e023ef8', 0, 'What award did the company receive?', '["Best Employer Award","National Excellence in Customer Service Award","Innovation Award","Environmental Award"]', 1);
INSERT INTO public.exam_version_listening_items (id, section_id, display_order, stem, options, correct_index) VALUES ('019db35d-9695-7074-a4c4-1b90ab480232', '019db35d-9695-7074-a4c4-1b90aaa8e380', 0, 'Who is the screening available to?', '["All residents","Residents aged 40 and above","Children only","Patients with appointments only"]', 1);
INSERT INTO public.exam_version_listening_items (id, section_id, display_order, stem, options, correct_index) VALUES ('019db35e-09f8-722a-a201-9d648221d307', '019db35e-09f3-70a6-9e21-b4fdea38b17a', 0, 'Where does the customer want to travel?', '["China","Japan","Korea","Thailand"]', 1);
INSERT INTO public.exam_version_listening_items (id, section_id, display_order, stem, options, correct_index) VALUES ('019db35e-09fb-701a-8a93-2b9460df5f27', '019db35e-09f3-70a6-9e21-b4fdea38b17a', 1, 'What is included in the standard package?', '["Flights, hotels, and all meals","Flights, hotels, breakfast, and Shinkansen","Only flights and hotels","Flights only"]', 1);
INSERT INTO public.exam_version_listening_items (id, section_id, display_order, stem, options, correct_index) VALUES ('019db35e-09fc-7218-a4f3-289fa2f2a2e9', '019db35e-09f3-70a6-9e21-b4fdea38b17a', 2, 'What is NOT included in the package price?', '["Accommodation","Breakfast","Bullet train","Lunches and dinners"]', 3);
INSERT INTO public.exam_version_listening_items (id, section_id, display_order, stem, options, correct_index) VALUES ('019db35e-09fd-71f7-a97c-2331c5499a30', '019db35e-09f3-70a6-9e21-b4fdea38b17a', 3, 'How much does travel insurance cost?', '["1 million dong","2 million dong","3 million dong","5 million dong"]', 1);
INSERT INTO public.exam_version_listening_items (id, section_id, display_order, stem, options, correct_index) VALUES ('019db35e-09fe-7312-abf0-3600dc004788', '019db35e-09fd-71f7-a97c-2331c61daeb6', 0, 'What is the employee complaining about?', '["Being overworked","Not being credited for contributions","A salary dispute","A scheduling conflict"]', 1);
INSERT INTO public.exam_version_listening_items (id, section_id, display_order, stem, options, correct_index) VALUES ('019db35e-09ff-71b1-8149-765ab27babd6', '019db35e-09fd-71f7-a97c-2331c61daeb6', 1, 'What did the employee develop?', '["A financial report","The entire marketing strategy","A new product","A training program"]', 1);
INSERT INTO public.exam_version_listening_items (id, section_id, display_order, stem, options, correct_index) VALUES ('019db35e-0a00-7134-9103-b8f2647946c3', '019db35e-09fd-71f7-a97c-2331c61daeb6', 2, 'What did the colleague say when confronted?', '["They denied it","It was an oversight and would not happen again","They apologized formally","They blamed the manager"]', 1);
INSERT INTO public.exam_version_listening_items (id, section_id, display_order, stem, options, correct_index) VALUES ('019db35e-0a00-7134-9103-b8f265359d0e', '019db35e-09fd-71f7-a97c-2331c61daeb6', 3, 'What will the manager do next week?', '["Fire the colleague","Schedule a team meeting about project attribution","Give the employee a promotion","Transfer the employee"]', 3);
INSERT INTO public.exam_version_listening_items (id, section_id, display_order, stem, options, correct_index) VALUES ('019db35e-0a02-7301-a4bf-221761c3442a', '019db35e-0a01-70e9-9e30-4af95d887584', 0, 'How long has the Green Neighborhood Initiative been running?', '["One year","Two years","Three years","Five years"]', 2);
INSERT INTO public.exam_version_listening_items (id, section_id, display_order, stem, options, correct_index) VALUES ('019db35e-0a03-73ca-ab57-87ea6d4df90a', '019db35e-0a01-70e9-9e30-4af95d887584', 1, 'What is the main goal of the initiative?', '["Plant more trees","Reduce plastic waste","Save water","Reduce air pollution"]', 1);
INSERT INTO public.exam_version_listening_items (id, section_id, display_order, stem, options, correct_index) VALUES ('019db35e-0a03-73ca-ab57-87ea6e03088a', '019db35e-0a01-70e9-9e30-4af95d887584', 2, 'What has been the biggest challenge?', '["Lack of funding","Getting people to change their habits","Government opposition","Lack of volunteers"]', 1);
INSERT INTO public.exam_version_listening_items (id, section_id, display_order, stem, options, correct_index) VALUES ('019db35e-0a04-71e7-bf13-2e97d3f1f7eb', '019db35e-0a01-70e9-9e30-4af95d887584', 3, 'By how much has plastic waste been reduced?', '["20%","30%","40%","50%"]', 2);
INSERT INTO public.exam_version_listening_items (id, section_id, display_order, stem, options, correct_index) VALUES ('019db35e-ac09-7331-8e1e-daf26bbe31a9', '019db35e-ac05-72de-b634-1e11c611f39f', 0, 'What two types of happiness do researchers distinguish?', '["Active and passive","Hedonic and eudaimonic","Short-term and long-term","Physical and mental"]', 1);
INSERT INTO public.exam_version_listening_items (id, section_id, display_order, stem, options, correct_index) VALUES ('019db35e-ac0a-725d-9fa0-5bc6261a7f0b', '019db35e-ac05-72de-b634-1e11c611f39f', 1, 'What did the Harvard Study find was the strongest predictor of happiness?', '["Wealth","Exercise","Quality of relationships","Career success"]', 2);
INSERT INTO public.exam_version_listening_items (id, section_id, display_order, stem, options, correct_index) VALUES ('019db35e-ac0b-7223-8153-aab8ea2c5b9d', '019db35e-ac05-72de-b634-1e11c611f39f', 2, 'What does research say about money and happiness?', '["More money always means more happiness","Money has no effect on happiness","Happiness increases with income up to a point","Only very rich people are happy"]', 2);
INSERT INTO public.exam_version_listening_items (id, section_id, display_order, stem, options, correct_index) VALUES ('019db35e-ac0c-71af-9367-476bcade522d', '019db35e-ac05-72de-b634-1e11c611f39f', 3, 'What practice has been shown to boost happiness?', '["Watching television","Gratitude writing","Working longer hours","Avoiding social media"]', 1);
INSERT INTO public.exam_version_listening_items (id, section_id, display_order, stem, options, correct_index) VALUES ('019db35e-ac0d-71d4-bd32-eae407f02d68', '019db35e-ac05-72de-b634-1e11c611f39f', 4, 'What percentage of happiness is within our control according to research?', '["10%","20%","40%","60%"]', 2);
INSERT INTO public.exam_version_listening_items (id, section_id, display_order, stem, options, correct_index) VALUES ('019db35e-ac0f-71bd-bad6-a08d3cd5307c', '019db35e-ac0e-70e2-bc6b-55a8c419eebe', 0, 'What must happen to carbon emissions by 2050?', '["Increase by 50%","Decrease by 50%","Reach net zero","Stay the same"]', 2);
INSERT INTO public.exam_version_listening_items (id, section_id, display_order, stem, options, correct_index) VALUES ('019db35e-ac0f-71bd-bad6-a08d3cde589f', '019db35e-ac0e-70e2-bc6b-55a8c419eebe', 1, 'By how much has solar electricity cost fallen since 2010?', '["50%","70%","90%","30%"]', 2);
INSERT INTO public.exam_version_listening_items (id, section_id, display_order, stem, options, correct_index) VALUES ('019db35e-ac10-719c-a8f2-7d216d9a3cf6', '019db35e-ac0e-70e2-bc6b-55a8c419eebe', 2, 'What is the main challenge of renewable energy?', '["It is too expensive","It is intermittent and requires storage","It produces pollution","It requires too much land"]', 1);
INSERT INTO public.exam_version_listening_items (id, section_id, display_order, stem, options, correct_index) VALUES ('019db35e-ac11-7248-a66f-57a57284f6f6', '019db35e-ac0e-70e2-bc6b-55a8c419eebe', 3, 'What social challenge does the transition create?', '["Too many new jobs","Economic disruption for fossil fuel communities","Higher energy prices for everyone","Lack of technology"]', 1);
INSERT INTO public.exam_version_listening_items (id, section_id, display_order, stem, options, correct_index) VALUES ('019db35e-ac12-72d8-ac57-ab8a8bcd0b2a', '019db35e-ac0e-70e2-bc6b-55a8c419eebe', 4, 'What does the speaker say about the renewable energy transition?', '["It will not happen","It is happening but the pace matters","It is already complete","It is too expensive to achieve"]', 1);
INSERT INTO public.exam_version_listening_items (id, section_id, display_order, stem, options, correct_index) VALUES ('019db35e-ac13-71b1-8cd0-a7d9c867083a', '019db35e-ac12-72d8-ac57-ab8a8ccb91c3', 0, 'Why is language evolution difficult to study?', '["It happened too recently","Language leaves no direct fossil record","There are no experts","Ancient humans did not speak"]', 1);
INSERT INTO public.exam_version_listening_items (id, section_id, display_order, stem, options, correct_index) VALUES ('019db35e-ac14-73dc-80b7-33ddaf2d9a78', '019db35e-ac12-72d8-ac57-ab8a8ccb91c3', 1, 'What does the hyoid bone do?', '["Supports the brain","Supports the tongue and enables complex speech","Controls hearing","Enables walking upright"]', 1);
INSERT INTO public.exam_version_listening_items (id, section_id, display_order, stem, options, correct_index) VALUES ('019db35e-ac14-73dc-80b7-33ddaf687457', '019db35e-ac12-72d8-ac57-ab8a8ccb91c3', 2, 'What evidence supports the sudden emergence theory?', '["Fossil records","Explosion of symbolic behavior 50,000 years ago","DNA analysis","Cave paintings from 200,000 years ago"]', 1);
INSERT INTO public.exam_version_listening_items (id, section_id, display_order, stem, options, correct_index) VALUES ('019db35e-ac15-721e-829f-4875f157194f', '019db35e-ac12-72d8-ac57-ab8a8ccb91c3', 3, 'What does the Sapir-Whorf hypothesis propose?', '["All languages are the same","Language shapes perception of reality","Language evolved from music","Animals can learn human language"]', 1);
INSERT INTO public.exam_version_listening_items (id, section_id, display_order, stem, options, correct_index) VALUES ('019db35e-ac16-7364-a74d-1bd720c806b9', '019db35e-ac12-72d8-ac57-ab8a8ccb91c3', 4, 'What does language enable according to the speaker?', '["Only communication","Culture, cooperation, and knowledge accumulation","Only writing","Only mathematics"]', 1);


--
-- Data for Name: exam_version_reading_passages; Type: TABLE DATA; Schema: public; Owner: -
--

INSERT INTO public.exam_version_reading_passages (id, exam_version_id, part, title, duration_minutes, passage, display_order) VALUES ('019da080-5449-7128-aa11-5fe693a4b2df', '019da080-5446-713a-8891-aa19bf52ad17', 1, 'Community Libraries', 15, 'Community libraries play an important role in modern society. They provide free access to books, computers, and the internet for people of all ages. Many libraries also offer educational programs such as reading clubs, language classes, and workshops for children and adults.

In recent years, libraries have changed significantly. They are no longer just places to borrow books. Today, many libraries have quiet study areas, meeting rooms, and even cafes. Some libraries lend unusual items such as tools, musical instruments, and board games.

Despite the rise of digital technology, libraries remain popular. Studies show that library visits have increased in many countries. People visit libraries not only to borrow books but also to use computers, attend events, and meet other community members.

Libraries also support lifelong learning. They help children develop reading habits from an early age. For adults, libraries provide resources for career development, including job search assistance and free online courses. Senior citizens benefit from large-print books and audiobooks.

Funding is a major challenge for libraries. Many rely on government support, which can be reduced during economic downturns. Some libraries have introduced membership fees or fundraising events to supplement their income. Community support is essential for keeping libraries open and well-stocked.

In conclusion, libraries are vital community resources. They promote education, reduce inequality, and bring people together. Investing in libraries is investing in the future of society.', 0);
INSERT INTO public.exam_version_reading_passages (id, exam_version_id, part, title, duration_minutes, passage, display_order) VALUES ('019db357-983f-729d-837c-ea1ed90d25c7', '019da080-5446-713a-8891-aa19bf52ad17', 2, 'The Rise of Remote Work', 15, 'The COVID-19 pandemic accelerated a trend that had been growing for years: remote work. Millions of employees worldwide shifted to working from home almost overnight. Companies that had resisted flexible working arrangements were forced to adapt quickly.

Remote work offers several advantages. Employees save time and money on commuting. They often report higher job satisfaction and better work-life balance. For companies, remote work can reduce office costs and allow them to hire talent from anywhere in the world.

However, remote work also presents challenges. Many workers struggle with isolation and the blurring of boundaries between work and personal life. Collaboration can be more difficult when team members are in different locations or time zones. Some employees, particularly those in small homes or with young children, find it hard to concentrate.

Technology has been crucial in enabling remote work. Video conferencing tools, project management software, and cloud storage have made it possible for teams to work effectively from different locations. Cybersecurity has become a greater concern as more sensitive data is accessed from home networks.

Not all jobs can be done remotely. Workers in manufacturing, healthcare, and retail must be physically present. This has highlighted existing inequalities in the workforce, as higher-paid knowledge workers enjoy the flexibility of remote work while lower-paid workers do not.

Many companies are now adopting hybrid models, combining office and remote work. This approach aims to balance the benefits of both arrangements. The future of work is likely to be more flexible than before the pandemic, though the exact shape of this flexibility is still being determined.', 1);
INSERT INTO public.exam_version_reading_passages (id, exam_version_id, part, title, duration_minutes, passage, display_order) VALUES ('019db357-eac3-73a8-878e-ace46bcadc4a', '019da080-5446-713a-8891-aa19bf52ad17', 3, 'Plastic Pollution and Ocean Health', 15, 'Plastic pollution has become one of the most pressing environmental challenges of the 21st century. Every year, approximately 8 million tonnes of plastic waste enter the world oceans, threatening marine ecosystems and the species that depend on them.

Plastic does not biodegrade in the traditional sense. Instead, it breaks down into smaller and smaller pieces called microplastics, which can persist in the environment for hundreds of years. These tiny particles have been found in the deepest ocean trenches, in Arctic ice, and even in human blood.

Marine animals are particularly vulnerable to plastic pollution. Sea turtles mistake plastic bags for jellyfish and consume them, leading to internal blockages and death. Seabirds feed plastic fragments to their chicks, mistaking them for food. Whales have been found with hundreds of kilograms of plastic in their stomachs.

The economic impact is also significant. Fishing industries suffer as plastic entangles nets and contaminates catches. Tourism declines in areas with polluted beaches. The cost of cleaning up plastic pollution runs into billions of dollars annually.

Addressing plastic pollution requires action at multiple levels. Governments have introduced bans on single-use plastics such as straws, bags, and cutlery. Some countries have implemented extended producer responsibility schemes, requiring manufacturers to fund recycling programs. Consumer behavior change is also essential.

Innovation offers some hope. Biodegradable plastics, improved recycling technologies, and ocean cleanup projects are being developed. However, experts warn that these solutions alone are insufficient. Reducing plastic production at the source remains the most effective long-term strategy.', 2);
INSERT INTO public.exam_version_reading_passages (id, exam_version_id, part, title, duration_minutes, passage, display_order) VALUES ('019db358-4e6a-7119-b2ce-e9011e7836f1', '019da080-5446-713a-8891-aa19bf52ad17', 4, 'The Psychology of Decision-Making', 15, 'Human decision-making is far more complex than classical economic theory suggests. For decades, economists assumed that people make rational choices based on complete information and self-interest. However, research in behavioral economics and cognitive psychology has revealed that human judgment is systematically biased in predictable ways.

One of the most influential concepts is cognitive bias, introduced by psychologists Daniel Kahneman and Amos Tversky. Their research demonstrated that people rely on mental shortcuts, or heuristics, when making decisions. While these shortcuts are often useful, they can lead to systematic errors. For example, the availability heuristic causes people to overestimate the likelihood of events that come easily to mind, such as plane crashes, while underestimating more common but less memorable risks.

Another significant bias is loss aversion. Studies show that people feel the pain of losing something approximately twice as strongly as the pleasure of gaining something of equal value. This asymmetry influences financial decisions, negotiations, and even political behavior. Investors, for instance, often hold onto losing stocks too long because selling would mean acknowledging a loss.

The framing effect demonstrates that the way information is presented significantly influences choices. People respond differently to a medical treatment described as having a 90% survival rate versus one described as having a 10% mortality rate, even though these are mathematically identical.

Nudge theory, developed by Richard Thaler and Cass Sunstein, applies these insights to policy design. By changing the default option or the way choices are presented, governments and organizations can guide people toward better decisions without restricting freedom of choice. For example, making organ donation opt-out rather than opt-in dramatically increases donation rates.

Understanding cognitive biases has practical implications across many fields. In medicine, awareness of biases can improve diagnostic accuracy. In finance, it can help investors make more rational decisions. In public policy, it can lead to more effective interventions. The challenge is that simply knowing about a bias does not necessarily prevent it from influencing behavior.', 3);
INSERT INTO public.exam_version_reading_passages (id, exam_version_id, part, title, duration_minutes, passage, display_order) VALUES ('019db35a-fb43-71a7-a214-7a4d7ab52fb8', '019db356-9de1-7328-a7dc-56af4e4756e7', 1, 'Volunteering in Your Community', 15, 'Volunteering is the act of giving your time and skills to help others without receiving payment. Millions of people around the world volunteer in their communities, contributing to a wide range of causes including education, healthcare, environmental protection, and social welfare.

The benefits of volunteering extend beyond the communities being helped. Research consistently shows that volunteers themselves gain significantly from the experience. Volunteering provides opportunities to develop new skills, build professional networks, and gain work experience. For young people, it can be particularly valuable when applying for jobs or university places.

Volunteering also has positive effects on mental health. Studies show that people who volunteer regularly report higher levels of happiness and life satisfaction. Helping others creates a sense of purpose and belonging, which can reduce feelings of loneliness and depression.

There are many ways to get involved in volunteering. Local charities and non-profit organizations are always looking for helpers. Schools and hospitals often welcome volunteers. Environmental groups organize regular clean-up events and conservation projects. Online volunteering has also grown, allowing people to contribute their skills remotely.

Despite its many benefits, volunteering rates have declined in some countries in recent years. Busy lifestyles, long working hours, and the demands of family life make it difficult for many people to find time to volunteer. Some organizations have responded by offering more flexible volunteering opportunities, such as micro-volunteering, which involves short tasks that can be completed in minutes.

Governments and employers can play a role in encouraging volunteering. Some companies offer paid volunteer days as part of their employee benefits. Schools can incorporate community service into their curriculum. Recognizing and celebrating volunteers publicly can also inspire others to get involved.', 0);
INSERT INTO public.exam_version_reading_passages (id, exam_version_id, part, title, duration_minutes, passage, display_order) VALUES ('019db35b-6154-71f0-a7b2-2bfc63404548', '019db356-9de1-7328-a7dc-56af4e4756e7', 2, 'The Sharing Economy', 15, 'The sharing economy refers to a system where individuals share access to goods and services, typically facilitated by digital platforms. Companies like Airbnb, Uber, and TaskRabbit have built billion-dollar businesses by connecting people who have underutilized assets with those who need them.

The concept challenges traditional notions of ownership. Instead of buying a car, you can use a ride-sharing service. Instead of staying in a hotel, you can rent a room in someone home. Proponents argue that this model is more efficient, as it makes better use of existing resources and reduces waste.

The sharing economy has created new income opportunities for millions of people. Homeowners can earn money by renting spare rooms. Car owners can supplement their income by driving for ride-sharing platforms. Skilled individuals can offer services on freelance platforms. This flexibility appeals particularly to those seeking supplementary income or non-traditional work arrangements.

However, the sharing economy has also attracted significant criticism. Traditional businesses argue that sharing economy companies operate with unfair advantages, avoiding regulations that apply to hotels, taxis, and other established industries. Workers in the sharing economy are typically classified as independent contractors rather than employees, which means they lack benefits such as health insurance, paid leave, and job security.

Regulators around the world are grappling with how to govern sharing economy platforms. Some cities have banned or heavily restricted ride-sharing and home-sharing services to protect traditional industries and address concerns about housing affordability and safety.

The long-term impact of the sharing economy remains uncertain. While it has undoubtedly created value and convenience for many consumers, questions about worker rights, fair competition, and community impact continue to be debated.', 1);
INSERT INTO public.exam_version_reading_passages (id, exam_version_id, part, title, duration_minutes, passage, display_order) VALUES ('019db35c-5104-72b5-a1b8-5e9d6e01a5f5', '019db356-9de1-7328-a7dc-56af4e4756e7', 3, 'Sleep Science and Modern Life', 15, 'Sleep is one of the most fundamental biological needs, yet it is increasingly neglected in modern society. Research indicates that approximately one-third of adults in developed countries regularly fail to get the recommended seven to nine hours of sleep per night. The consequences of this widespread sleep deprivation are far-reaching and serious.

Sleep serves multiple critical functions. During sleep, the brain consolidates memories, processing and storing information acquired during waking hours. The body repairs tissues, synthesizes proteins, and releases growth hormones. The immune system is strengthened, and metabolic processes are regulated. Chronic sleep deprivation disrupts all of these functions.

The cognitive effects of insufficient sleep are well-documented. Sleep-deprived individuals show impaired attention, slower reaction times, and reduced ability to make complex decisions. Studies have found that being awake for 17 hours produces cognitive impairment equivalent to a blood alcohol level of 0.05%, and 24 hours of wakefulness is equivalent to 0.10%.

The health consequences extend beyond cognition. Chronic sleep deprivation is associated with increased risk of obesity, type 2 diabetes, cardiovascular disease, and depression. The relationship between sleep and weight is particularly well-established: sleep deprivation disrupts hormones that regulate appetite, leading to increased hunger and preference for high-calorie foods.

Modern technology is a significant contributor to sleep problems. The blue light emitted by smartphones, tablets, and computers suppresses melatonin production, the hormone that signals the body to prepare for sleep. Social media and streaming services provide endless entertainment that competes with sleep time.

Addressing the sleep crisis requires both individual and societal changes. Individuals can improve sleep hygiene by maintaining consistent sleep schedules, creating dark and cool sleeping environments, and limiting screen time before bed. At a societal level, schools and workplaces could adjust their schedules to better align with natural sleep patterns.', 2);
INSERT INTO public.exam_version_reading_passages (id, exam_version_id, part, title, duration_minutes, passage, display_order) VALUES ('019db35c-c422-70a2-b549-09fb5f41b2a5', '019db356-9de1-7328-a7dc-56af4e4756e7', 4, 'Artificial Intelligence and the Future of Work', 15, 'Artificial intelligence is transforming the global economy at an unprecedented pace. Unlike previous waves of automation, which primarily displaced manual and routine cognitive tasks, modern AI systems are increasingly capable of performing complex analytical, creative, and interpersonal functions that were previously considered uniquely human.

The economic implications are profound and contested. Optimists argue that AI will follow the historical pattern of technological disruption: while some jobs are eliminated, new categories of work emerge, productivity increases, and living standards rise. They point to the industrial revolution and the computerization of the 1980s and 1990s as precedents where fears of mass unemployment proved unfounded.

Pessimists counter that AI represents a qualitatively different challenge. Previous automation affected specific sectors, allowing workers to transition to other industries. AI, however, has the potential to automate across virtually all sectors simultaneously, leaving fewer safe harbors for displaced workers. Moreover, the pace of AI advancement may outstrip the ability of education and training systems to adapt.

The distributional effects of AI are also concerning. The benefits of AI-driven productivity gains are likely to accrue disproportionately to capital owners and highly skilled workers, potentially exacerbating existing inequalities. Workers in routine cognitive jobs, such as data entry, basic accounting, and customer service, face the greatest displacement risk.

Governments are beginning to grapple with these challenges. Proposals include universal basic income to provide a safety net for displaced workers, investment in retraining programs, and reforms to education systems to emphasize skills that are difficult to automate, such as critical thinking, creativity, and emotional intelligence.

The ultimate impact of AI on employment will depend on policy choices as much as technological capabilities. Societies that invest proactively in human capital and design inclusive institutions will be better positioned to share the benefits of AI while mitigating its disruptive effects.', 3);
INSERT INTO public.exam_version_reading_passages (id, exam_version_id, part, title, duration_minutes, passage, display_order) VALUES ('019db35f-5861-7146-a816-6978161e33d5', '019db356-9de3-72c7-a710-26c3b272542d', 1, 'The Benefits of Exercise', 15, 'Regular physical exercise is one of the most beneficial things a person can do for their health. Doctors and health organizations worldwide recommend at least 150 minutes of moderate exercise per week for adults. Despite this advice, many people lead sedentary lifestyles, spending most of their day sitting at desks or in front of screens.

The physical benefits of exercise are well-established. Regular activity strengthens the heart and improves cardiovascular health, reducing the risk of heart disease and stroke. It helps maintain a healthy weight by burning calories and boosting metabolism. Exercise also strengthens bones and muscles, reducing the risk of osteoporosis and injury as people age.

The mental health benefits are equally significant. Exercise releases endorphins, chemicals in the brain that create feelings of happiness and reduce stress. Studies show that regular exercise can be as effective as medication for treating mild to moderate depression and anxiety. It also improves sleep quality and cognitive function, including memory and concentration.

Despite these benefits, many people struggle to exercise regularly. Common barriers include lack of time, motivation, and access to facilities. However, exercise does not require expensive gym memberships or special equipment. Walking, cycling, swimming, and home workouts can all provide significant health benefits.

Building exercise into daily routines can help overcome these barriers. Taking the stairs instead of the lift, cycling to work, or going for a walk during lunch breaks are simple ways to increase physical activity. Setting realistic goals and tracking progress can also help maintain motivation.

The key is consistency. Even small amounts of regular exercise are better than occasional intense workouts. Starting slowly and gradually increasing intensity and duration is the safest and most sustainable approach for people who are new to exercise.', 0);
INSERT INTO public.exam_version_reading_passages (id, exam_version_id, part, title, duration_minutes, passage, display_order) VALUES ('019db35f-b3d4-701a-a789-f461a4059d22', '019db356-9de3-72c7-a710-26c3b272542d', 2, 'Food Security in the 21st Century', 15, 'Food security exists when all people, at all times, have physical and economic access to sufficient, safe, and nutritious food to meet their dietary needs. Despite significant progress in reducing hunger over the past decades, food insecurity remains a major global challenge. According to the United Nations, approximately 800 million people worldwide are chronically undernourished.

Climate change poses an increasing threat to food security. Rising temperatures, changing rainfall patterns, and more frequent extreme weather events are disrupting agricultural production in many regions. Crop yields for staple foods such as wheat, rice, and maize are projected to decline in many areas as temperatures rise. Coastal and low-lying agricultural land is threatened by sea level rise and increased flooding.

Population growth adds further pressure. The global population is expected to reach approximately 10 billion by 2050, requiring a 50-70% increase in food production. This must be achieved while reducing the environmental impact of agriculture, which currently accounts for approximately 25% of global greenhouse gas emissions.

Technology offers potential solutions. Precision agriculture uses data and technology to optimize crop yields while minimizing resource use. Genetic modification and gene editing can produce crops that are more resistant to drought, pests, and disease. Vertical farming and controlled environment agriculture can produce food in urban areas with minimal land and water use.

Reducing food waste is another critical strategy. Approximately one-third of all food produced globally is lost or wasted. In developed countries, most waste occurs at the consumer level, while in developing countries, losses occur primarily during production and storage due to inadequate infrastructure.

Addressing food security requires coordinated action across multiple sectors. Agricultural investment, trade policy, social protection programs, and dietary change all have roles to play. Ensuring that smallholder farmers, who produce a significant proportion of the world food supply, have access to resources, technology, and markets is particularly important.', 1);
INSERT INTO public.exam_version_reading_passages (id, exam_version_id, part, title, duration_minutes, passage, display_order) VALUES ('019db360-0c4c-70bd-8aeb-0b2bd34a1d3c', '019db356-9de3-72c7-a710-26c3b272542d', 3, 'The Neuroscience of Learning', 15, 'Recent advances in neuroscience have transformed our understanding of how the brain learns and how this knowledge can be applied to improve education. The brain is not a fixed organ but a dynamic system that changes in response to experience, a property known as neuroplasticity.

Learning occurs when neurons form new connections or strengthen existing ones. This process, called synaptic plasticity, is the cellular basis of memory and learning. The more frequently a neural pathway is activated, the stronger it becomes, which is why practice and repetition are fundamental to skill acquisition.

Spaced repetition is one of the most well-supported learning strategies in cognitive science. Rather than studying material in one long session, spacing practice over time leads to significantly better long-term retention. This is because each time we retrieve information from memory, we strengthen the neural pathways associated with that information.

The testing effect, also known as retrieval practice, is another powerful learning strategy. Research consistently shows that testing yourself on material, rather than simply re-reading it, leads to much better retention. This is because the act of retrieval itself strengthens memory, even when the retrieval is unsuccessful.

Sleep plays a crucial role in learning and memory consolidation. During sleep, the brain replays and consolidates memories formed during waking hours. Studies show that students who sleep after studying retain significantly more information than those who stay awake. Chronic sleep deprivation impairs the formation of new memories.

Emotional states also influence learning. Moderate levels of stress can enhance attention and memory formation, but chronic stress impairs cognitive function. Positive emotions and a sense of safety promote the kind of open, exploratory thinking that facilitates deep learning. This has important implications for classroom environments and teaching practices.', 2);
INSERT INTO public.exam_version_reading_passages (id, exam_version_id, part, title, duration_minutes, passage, display_order) VALUES ('019db360-6dec-70de-8145-459360b59b8d', '019db356-9de3-72c7-a710-26c3b272542d', 4, 'Globalization and Cultural Identity', 15, 'Globalization, the process by which the world is becoming increasingly interconnected through trade, communication, and cultural exchange, has profoundly transformed societies around the world. While it has brought undeniable economic benefits and facilitated the spread of ideas, it has also raised complex questions about cultural identity and the preservation of local traditions.

Critics of globalization argue that it promotes cultural homogenization, the process by which diverse cultures become increasingly similar. The global dominance of American popular culture, including Hollywood films, fast food chains, and social media platforms, is often cited as evidence of this trend. Local languages, traditional arts, and indigenous practices face displacement as global culture permeates even the most remote communities.

Proponents counter that globalization does not necessarily destroy local cultures but can instead lead to cultural hybridization, the creative blending of global and local elements. Vietnamese hip-hop, Japanese-Italian fusion cuisine, and Bollywood films that incorporate Western musical elements are examples of how cultures adapt and innovate in response to global influences rather than simply being overwhelmed by them.

The relationship between globalization and cultural identity is further complicated by the digital revolution. Social media platforms simultaneously spread global culture and provide tools for marginalized communities to preserve and promote their languages and traditions. Indigenous communities in remote areas now use YouTube and Facebook to document and share their cultural practices with global audiences.

Economic inequality shapes how different communities experience globalization. Wealthy nations and individuals have greater power to shape global culture and to selectively adopt or reject foreign influences. Poorer communities often have less agency in this process and may face greater pressure to abandon traditional practices in favor of economically dominant cultural norms.

The challenge for societies navigating globalization is to find ways to participate in the global economy and culture while maintaining the diversity and distinctiveness that make human civilization rich. This requires conscious policy choices, including support for minority languages, cultural education, and the protection of intangible cultural heritage.', 3);


--
-- Data for Name: exam_version_reading_items; Type: TABLE DATA; Schema: public; Owner: -
--

INSERT INTO public.exam_version_reading_items (id, passage_id, display_order, stem, options, correct_index) VALUES ('019da080-5449-7128-aa11-5fe6945d61ec', '019da080-5449-7128-aa11-5fe693a4b2df', 0, 'What is the main idea of the passage?', '["Technology is harmful","Technology transforms education","Education is declining","Students dislike technology"]', 1);
INSERT INTO public.exam_version_reading_items (id, passage_id, display_order, stem, options, correct_index) VALUES ('019db357-0093-70be-b583-4f614ce70da6', '019da080-5449-7128-aa11-5fe693a4b2df', 1, 'Which of the following is NOT mentioned as a library service?', '["Reading clubs","Language classes","Cooking lessons","Workshops"]', 2);
INSERT INTO public.exam_version_reading_items (id, passage_id, display_order, stem, options, correct_index) VALUES ('019db357-0095-72ea-a73b-7e4295445934', '019da080-5449-7128-aa11-5fe693a4b2df', 2, 'What unusual items do some libraries lend?', '["Cars and bicycles","Tools, instruments, and board games","Clothes and furniture","Sports equipment"]', 1);
INSERT INTO public.exam_version_reading_items (id, passage_id, display_order, stem, options, correct_index) VALUES ('019db357-0096-73ab-a1bb-fce7bd3b1133', '019da080-5449-7128-aa11-5fe693a4b2df', 3, 'According to the passage, why do people visit libraries?', '["Only to borrow books","To borrow books, use computers, and attend events","Only to use computers","Only to attend events"]', 1);
INSERT INTO public.exam_version_reading_items (id, passage_id, display_order, stem, options, correct_index) VALUES ('019db357-0097-72aa-aaf3-1bca1321eba5', '019da080-5449-7128-aa11-5fe693a4b2df', 4, 'How do libraries support senior citizens?', '["By offering free meals","By providing large-print books and audiobooks","By giving free computers","By organizing sports events"]', 1);
INSERT INTO public.exam_version_reading_items (id, passage_id, display_order, stem, options, correct_index) VALUES ('019db357-0098-7275-adf6-18f54b6ad4c4', '019da080-5449-7128-aa11-5fe693a4b2df', 5, 'What is described as a major challenge for libraries?', '["Lack of books","Funding","Too many visitors","Staff shortages"]', 1);
INSERT INTO public.exam_version_reading_items (id, passage_id, display_order, stem, options, correct_index) VALUES ('019db357-0098-7275-adf6-18f54c2cd500', '019da080-5449-7128-aa11-5fe693a4b2df', 6, 'What does the word supplement mean in paragraph 5?', '["Replace","Reduce","Add to","Remove"]', 2);
INSERT INTO public.exam_version_reading_items (id, passage_id, display_order, stem, options, correct_index) VALUES ('019db357-0099-72a0-937b-b5e84ea27c61', '019da080-5449-7128-aa11-5fe693a4b2df', 7, 'What is the main idea of the passage?', '["Libraries are old-fashioned","Libraries are vital community resources","Libraries are too expensive","Libraries only help children"]', 1);
INSERT INTO public.exam_version_reading_items (id, passage_id, display_order, stem, options, correct_index) VALUES ('019db357-009a-72c6-a533-8ad3308fcaab', '019da080-5449-7128-aa11-5fe693a4b2df', 8, 'Which group benefits from career development resources?', '["Children","Senior citizens","Adults","All of the above"]', 2);
INSERT INTO public.exam_version_reading_items (id, passage_id, display_order, stem, options, correct_index) VALUES ('019db357-009a-72c6-a533-8ad33097fe20', '019da080-5449-7128-aa11-5fe693a4b2df', 9, 'What does the author suggest about investing in libraries?', '["It is a waste of money","It benefits society","It is only for rich countries","It should be reduced"]', 1);
INSERT INTO public.exam_version_reading_items (id, passage_id, display_order, stem, options, correct_index) VALUES ('019db357-9846-70fb-afd5-4b14a59c1100', '019db357-983f-729d-837c-ea1ed90d25c7', 0, 'What accelerated the trend of remote work?', '["New technology","The COVID-19 pandemic","Government policy","Employee demand"]', 1);
INSERT INTO public.exam_version_reading_items (id, passage_id, display_order, stem, options, correct_index) VALUES ('019db357-9847-726f-9837-9c304a0e4bd9', '019db357-983f-729d-837c-ea1ed90d25c7', 1, 'Which is listed as an advantage of remote work?', '["Better office facilities","Higher job satisfaction","More meetings","Faster internet"]', 1);
INSERT INTO public.exam_version_reading_items (id, passage_id, display_order, stem, options, correct_index) VALUES ('019db357-9848-7233-b67d-24323ea9eedb', '019db357-983f-729d-837c-ea1ed90d25c7', 2, 'What challenge do remote workers face?', '["Too much free time","Isolation and blurred work-life boundaries","Better pay","More holidays"]', 1);
INSERT INTO public.exam_version_reading_items (id, passage_id, display_order, stem, options, correct_index) VALUES ('019db357-9849-7161-9e9e-f9bc2db2a90e', '019db357-983f-729d-837c-ea1ed90d25c7', 3, 'What technology is mentioned as enabling remote work?', '["Smartphones only","Video conferencing and cloud storage","Fax machines","Printers"]', 1);
INSERT INTO public.exam_version_reading_items (id, passage_id, display_order, stem, options, correct_index) VALUES ('019db357-9849-7161-9e9e-f9bc2e18b581', '019db357-983f-729d-837c-ea1ed90d25c7', 4, 'Why has cybersecurity become a greater concern?', '["More people use smartphones","Sensitive data is accessed from home networks","Offices are closing","Hackers are smarter"]', 1);
INSERT INTO public.exam_version_reading_items (id, passage_id, display_order, stem, options, correct_index) VALUES ('019db357-984a-72a5-9111-3d368483c671', '019db357-983f-729d-837c-ea1ed90d25c7', 5, 'Which workers CANNOT work remotely according to the passage?', '["Teachers","Healthcare and manufacturing workers","Managers","Writers"]', 1);
INSERT INTO public.exam_version_reading_items (id, passage_id, display_order, stem, options, correct_index) VALUES ('019db357-984a-72a5-9111-3d368556b012', '019db357-983f-729d-837c-ea1ed90d25c7', 6, 'What does the word hybrid mean in the last paragraph?', '["Fully remote","Fully office-based","A combination of office and remote","A new technology"]', 2);
INSERT INTO public.exam_version_reading_items (id, passage_id, display_order, stem, options, correct_index) VALUES ('019db357-984b-7033-8004-27b441ad0d16', '019db357-983f-729d-837c-ea1ed90d25c7', 7, 'What inequality does remote work highlight?', '["Age differences","Pay differences between knowledge and manual workers","Gender differences","Education differences"]', 1);
INSERT INTO public.exam_version_reading_items (id, passage_id, display_order, stem, options, correct_index) VALUES ('019db357-984c-719c-9850-c55ebd13f758', '019db357-983f-729d-837c-ea1ed90d25c7', 8, 'What is the main purpose of the passage?', '["To argue against remote work","To discuss the advantages and challenges of remote work","To promote remote work","To explain how to work from home"]', 1);
INSERT INTO public.exam_version_reading_items (id, passage_id, display_order, stem, options, correct_index) VALUES ('019db357-984d-70c7-920e-f9f20ed6d695', '019db357-983f-729d-837c-ea1ed90d25c7', 9, 'What does the author predict about the future of work?', '["It will return to pre-pandemic norms","It will be more flexible","It will be fully remote","It will be fully office-based"]', 1);
INSERT INTO public.exam_version_reading_items (id, passage_id, display_order, stem, options, correct_index) VALUES ('019db357-eacd-707c-ae55-6d6435b93c7d', '019db357-eac3-73a8-878e-ace46bcadc4a', 0, 'How much plastic enters the oceans each year?', '["8 thousand tonnes","8 million tonnes","8 billion tonnes","80 million tonnes"]', 1);
INSERT INTO public.exam_version_reading_items (id, passage_id, display_order, stem, options, correct_index) VALUES ('019db357-eace-7006-a404-3235b0f64575', '019db357-eac3-73a8-878e-ace46bcadc4a', 1, 'What are microplastics?', '["Large plastic bottles","Tiny pieces of broken-down plastic","Plastic bags","Plastic straws"]', 1);
INSERT INTO public.exam_version_reading_items (id, passage_id, display_order, stem, options, correct_index) VALUES ('019db357-eacf-73cf-8091-ae59693c0777', '019db357-eac3-73a8-878e-ace46bcadc4a', 2, 'Where have microplastics been found?', '["Only in oceans","In ocean trenches, Arctic ice, and human blood","Only in rivers","Only in fish"]', 1);
INSERT INTO public.exam_version_reading_items (id, passage_id, display_order, stem, options, correct_index) VALUES ('019db357-eacf-73cf-8091-ae5969858463', '019db357-eac3-73a8-878e-ace46bcadc4a', 3, 'How do sea turtles suffer from plastic pollution?', '["They get tangled in nets","They mistake plastic bags for jellyfish","They eat plastic straws","They drink polluted water"]', 1);
INSERT INTO public.exam_version_reading_items (id, passage_id, display_order, stem, options, correct_index) VALUES ('019db357-ead0-7158-975d-923719bd9538', '019db357-eac3-73a8-878e-ace46bcadc4a', 4, 'What economic sector is directly harmed by plastic in nets?', '["Tourism","Fishing","Manufacturing","Technology"]', 1);
INSERT INTO public.exam_version_reading_items (id, passage_id, display_order, stem, options, correct_index) VALUES ('019db357-ead1-73eb-a6bc-2b1217d8ba59', '019db357-eac3-73a8-878e-ace46bcadc4a', 5, 'What does extended producer responsibility mean?', '["Consumers pay for recycling","Manufacturers fund recycling programs","Governments ban all plastic","Shops stop selling plastic"]', 1);
INSERT INTO public.exam_version_reading_items (id, passage_id, display_order, stem, options, correct_index) VALUES ('019db357-ead2-71ec-952e-45ab28014d0d', '019db357-eac3-73a8-878e-ace46bcadc4a', 6, 'What does the word biodegrade mean in paragraph 2?', '["Break down naturally","Become stronger","Float on water","Sink to the bottom"]', 0);
INSERT INTO public.exam_version_reading_items (id, passage_id, display_order, stem, options, correct_index) VALUES ('019db357-ead2-71ec-952e-45ab282fde07', '019db357-eac3-73a8-878e-ace46bcadc4a', 7, 'Which solution does the author consider most effective long-term?', '["Ocean cleanup projects","Biodegradable plastics","Reducing plastic production","Better recycling"]', 2);
INSERT INTO public.exam_version_reading_items (id, passage_id, display_order, stem, options, correct_index) VALUES ('019db357-ead3-707d-bc0a-31f3e2abfaa5', '019db357-eac3-73a8-878e-ace46bcadc4a', 8, 'What is the tone of the passage?', '["Optimistic","Neutral and informative","Pessimistic","Humorous"]', 1);
INSERT INTO public.exam_version_reading_items (id, passage_id, display_order, stem, options, correct_index) VALUES ('019db357-ead4-72bd-aabe-69445c983e8f', '019db357-eac3-73a8-878e-ace46bcadc4a', 9, 'What is the main argument of the passage?', '["Plastic is useful","Plastic pollution is a serious problem requiring multiple solutions","Ocean cleanup is enough","Governments are doing enough"]', 1);
INSERT INTO public.exam_version_reading_items (id, passage_id, display_order, stem, options, correct_index) VALUES ('019db358-4e70-709d-a37a-0066ebcee983', '019db358-4e6a-7119-b2ce-e9011e7836f1', 0, 'What did classical economic theory assume about people?', '["They make irrational choices","They make rational choices based on self-interest","They are always biased","They ignore information"]', 1);
INSERT INTO public.exam_version_reading_items (id, passage_id, display_order, stem, options, correct_index) VALUES ('019db358-4e71-7270-99e9-75cb82e4f6b3', '019db358-4e6a-7119-b2ce-e9011e7836f1', 1, 'What are heuristics?', '["Complex mathematical formulas","Mental shortcuts used in decision-making","Scientific experiments","Economic theories"]', 1);
INSERT INTO public.exam_version_reading_items (id, passage_id, display_order, stem, options, correct_index) VALUES ('019db358-4e73-7032-afb6-f68add622858', '019db358-4e6a-7119-b2ce-e9011e7836f1', 2, 'What does the availability heuristic cause people to do?', '["Make better decisions","Overestimate easily recalled events","Underestimate all risks","Avoid making decisions"]', 1);
INSERT INTO public.exam_version_reading_items (id, passage_id, display_order, stem, options, correct_index) VALUES ('019db358-4e74-723b-afe1-09a97bf3dfaf', '019db358-4e6a-7119-b2ce-e9011e7836f1', 3, 'How much stronger is the pain of loss compared to the pleasure of gain?', '["Equal","Twice as strong","Three times as strong","Half as strong"]', 1);
INSERT INTO public.exam_version_reading_items (id, passage_id, display_order, stem, options, correct_index) VALUES ('019db358-4e74-723b-afe1-09a97c1b1c10', '019db358-4e6a-7119-b2ce-e9011e7836f1', 4, 'Why do investors hold onto losing stocks too long?', '["They expect prices to rise","They want to avoid acknowledging a loss","They have no other options","They follow expert advice"]', 1);
INSERT INTO public.exam_version_reading_items (id, passage_id, display_order, stem, options, correct_index) VALUES ('019db358-4e75-737b-8578-9187b4bee0e4', '019db358-4e6a-7119-b2ce-e9011e7836f1', 5, 'What does the framing effect show?', '["Numbers are always accurate","How information is presented affects choices","People always choose survival","Medical treatments are effective"]', 1);
INSERT INTO public.exam_version_reading_items (id, passage_id, display_order, stem, options, correct_index) VALUES ('019db358-4e77-73be-b190-8362d28b5dce', '019db358-4e6a-7119-b2ce-e9011e7836f1', 6, 'What is nudge theory designed to do?', '["Force people to make better choices","Guide people toward better decisions without restricting freedom","Punish bad decisions","Eliminate all biases"]', 1);
INSERT INTO public.exam_version_reading_items (id, passage_id, display_order, stem, options, correct_index) VALUES ('019db358-4e79-7187-be12-abf92ba1bab4', '019db358-4e6a-7119-b2ce-e9011e7836f1', 7, 'What example of nudge theory is given?', '["Banning unhealthy food","Making organ donation opt-out instead of opt-in","Taxing cigarettes","Requiring exercise"]', 1);
INSERT INTO public.exam_version_reading_items (id, passage_id, display_order, stem, options, correct_index) VALUES ('019db358-4e7a-732c-ba77-5119ad598b42', '019db358-4e6a-7119-b2ce-e9011e7836f1', 8, 'What does the word asymmetry mean in paragraph 3?', '["Balance","Equality","Lack of balance","Similarity"]', 2);
INSERT INTO public.exam_version_reading_items (id, passage_id, display_order, stem, options, correct_index) VALUES ('019db358-4e7b-71b2-94e9-5e4cd10d924a', '019db358-4e6a-7119-b2ce-e9011e7836f1', 9, 'What is the main limitation of understanding cognitive biases?', '["It is too complex to understand","Knowing about biases does not necessarily prevent them","It only applies to economics","It requires expensive research"]', 1);
INSERT INTO public.exam_version_reading_items (id, passage_id, display_order, stem, options, correct_index) VALUES ('019db35a-fb4a-7105-b878-13ea7438766b', '019db35a-fb43-71a7-a214-7a4d7ab52fb8', 0, 'What is volunteering?', '["Paid community work","Giving time and skills without payment","Working for a charity","Donating money"]', 1);
INSERT INTO public.exam_version_reading_items (id, passage_id, display_order, stem, options, correct_index) VALUES ('019db35a-fb4c-703d-a1da-e9a8a12f35dd', '019db35a-fb43-71a7-a214-7a4d7ab52fb8', 1, 'What benefit does volunteering provide for young people?', '["Higher salaries","Work experience for job applications","Free education","Travel opportunities"]', 1);
INSERT INTO public.exam_version_reading_items (id, passage_id, display_order, stem, options, correct_index) VALUES ('019db35a-fb4d-71c8-9ca6-c4206c6d8f1b', '019db35a-fb43-71a7-a214-7a4d7ab52fb8', 2, 'How does volunteering affect mental health?', '["It causes stress","It increases happiness and life satisfaction","It has no effect","It causes loneliness"]', 1);
INSERT INTO public.exam_version_reading_items (id, passage_id, display_order, stem, options, correct_index) VALUES ('019db35a-fb4d-71c8-9ca6-c4206d32741b', '019db35a-fb43-71a7-a214-7a4d7ab52fb8', 3, 'What is micro-volunteering?', '["Volunteering for large organizations","Short tasks completed in minutes","Online volunteering only","Volunteering abroad"]', 1);
INSERT INTO public.exam_version_reading_items (id, passage_id, display_order, stem, options, correct_index) VALUES ('019db35a-fb4e-738f-bc1d-1e0eb041d9ef', '019db35a-fb43-71a7-a214-7a4d7ab52fb8', 4, 'Why have volunteering rates declined?', '["Lack of opportunities","Busy lifestyles and long working hours","Too many volunteers","Government restrictions"]', 1);
INSERT INTO public.exam_version_reading_items (id, passage_id, display_order, stem, options, correct_index) VALUES ('019db35a-fb4f-72fd-8c08-cd5b04577658', '019db35a-fb43-71a7-a214-7a4d7ab52fb8', 5, 'What do some companies offer to encourage volunteering?', '["Extra pay","Paid volunteer days","Free training","Promotions"]', 1);
INSERT INTO public.exam_version_reading_items (id, passage_id, display_order, stem, options, correct_index) VALUES ('019db35a-fb50-72e4-9c2b-5d2d314cf236', '019db35a-fb43-71a7-a214-7a4d7ab52fb8', 6, 'What does the word incorporate mean in the last paragraph?', '["Remove","Include","Replace","Ignore"]', 1);
INSERT INTO public.exam_version_reading_items (id, passage_id, display_order, stem, options, correct_index) VALUES ('019db35a-fb51-71d1-a835-c438faeb8b18', '019db35a-fb43-71a7-a214-7a4d7ab52fb8', 7, 'What is the main purpose of the passage?', '["To criticize volunteers","To discuss the benefits and challenges of volunteering","To promote a specific charity","To explain how to start a charity"]', 1);
INSERT INTO public.exam_version_reading_items (id, passage_id, display_order, stem, options, correct_index) VALUES ('019db35a-fb52-71fd-b0df-f64b2fc0996d', '019db35a-fb43-71a7-a214-7a4d7ab52fb8', 8, 'Which group is NOT mentioned as welcoming volunteers?', '["Local charities","Schools","Hospitals","Banks"]', 3);
INSERT INTO public.exam_version_reading_items (id, passage_id, display_order, stem, options, correct_index) VALUES ('019db35a-fb53-727f-8271-1f130fe84959', '019db35a-fb43-71a7-a214-7a4d7ab52fb8', 9, 'What can governments do to encourage volunteering?', '["Force people to volunteer","Recognize and celebrate volunteers publicly","Tax volunteers","Reduce working hours"]', 1);
INSERT INTO public.exam_version_reading_items (id, passage_id, display_order, stem, options, correct_index) VALUES ('019db35b-6158-72ce-86f8-758e27cbb490', '019db35b-6154-71f0-a7b2-2bfc63404548', 0, 'What is the sharing economy?', '["A government program","A system where individuals share access to goods via digital platforms","A type of bank","A charity organization"]', 1);
INSERT INTO public.exam_version_reading_items (id, passage_id, display_order, stem, options, correct_index) VALUES ('019db35b-6159-71ed-b00c-4b6e09306312', '019db35b-6154-71f0-a7b2-2bfc63404548', 1, 'What does the sharing economy challenge?', '["Digital technology","Traditional notions of ownership","Government regulations","Environmental standards"]', 1);
INSERT INTO public.exam_version_reading_items (id, passage_id, display_order, stem, options, correct_index) VALUES ('019db35b-615a-723a-82c0-72c9e504c68c', '019db35b-6154-71f0-a7b2-2bfc63404548', 2, 'What income opportunity does the sharing economy create for homeowners?', '["Free accommodation","Renting spare rooms","Tax benefits","Government grants"]', 1);
INSERT INTO public.exam_version_reading_items (id, passage_id, display_order, stem, options, correct_index) VALUES ('019db35b-615b-71ae-a79b-bd18b884261c', '019db35b-6154-71f0-a7b2-2bfc63404548', 3, 'What criticism do traditional businesses make?', '["Sharing economy companies are too small","They operate with unfair regulatory advantages","They pay too much tax","They employ too many people"]', 1);
INSERT INTO public.exam_version_reading_items (id, passage_id, display_order, stem, options, correct_index) VALUES ('019db35b-615b-71ae-a79b-bd18b969078d', '019db35b-6154-71f0-a7b2-2bfc63404548', 4, 'How are sharing economy workers typically classified?', '["Full-time employees","Part-time employees","Independent contractors","Government workers"]', 2);
INSERT INTO public.exam_version_reading_items (id, passage_id, display_order, stem, options, correct_index) VALUES ('019db35b-615c-7263-a696-c853b45abae2', '019db35b-6154-71f0-a7b2-2bfc63404548', 5, 'What benefit do sharing economy workers typically lack?', '["Flexible hours","Health insurance and paid leave","Access to technology","Customer reviews"]', 1);
INSERT INTO public.exam_version_reading_items (id, passage_id, display_order, stem, options, correct_index) VALUES ('019db35b-615d-721a-b54c-1535284e8a49', '019db35b-6154-71f0-a7b2-2bfc63404548', 6, 'What does the word grappling mean in paragraph 5?', '["Ignoring","Struggling to deal with","Celebrating","Avoiding"]', 1);
INSERT INTO public.exam_version_reading_items (id, passage_id, display_order, stem, options, correct_index) VALUES ('019db35b-615e-7230-b454-b56221bf259a', '019db35b-6154-71f0-a7b2-2bfc63404548', 7, 'What concern about housing is mentioned?', '["Too many houses","Housing affordability","Poor housing quality","Lack of housing"]', 1);
INSERT INTO public.exam_version_reading_items (id, passage_id, display_order, stem, options, correct_index) VALUES ('019db35b-615f-70ea-8884-5fc3da9f5ee9', '019db35b-6154-71f0-a7b2-2bfc63404548', 8, 'What is the author attitude toward the sharing economy?', '["Strongly positive","Strongly negative","Balanced and objective","Indifferent"]', 2);
INSERT INTO public.exam_version_reading_items (id, passage_id, display_order, stem, options, correct_index) VALUES ('019db35b-615f-70ea-8884-5fc3daf3fa5f', '019db35b-6154-71f0-a7b2-2bfc63404548', 9, 'What remains uncertain according to the passage?', '["The popularity of sharing economy apps","The long-term impact of the sharing economy","The number of sharing economy workers","The technology used"]', 1);
INSERT INTO public.exam_version_reading_items (id, passage_id, display_order, stem, options, correct_index) VALUES ('019db35c-510b-73cb-b038-60404cd1b819', '019db35c-5104-72b5-a1b8-5e9d6e01a5f5', 0, 'What percentage of adults fail to get enough sleep?', '["One quarter","One third","One half","Two thirds"]', 1);
INSERT INTO public.exam_version_reading_items (id, passage_id, display_order, stem, options, correct_index) VALUES ('019db35c-510d-73d5-853c-0ffdf36c6526', '019db35c-5104-72b5-a1b8-5e9d6e01a5f5', 1, 'What does the brain do during sleep?', '["Only rests","Consolidates memories and processes information","Produces adrenaline","Increases heart rate"]', 1);
INSERT INTO public.exam_version_reading_items (id, passage_id, display_order, stem, options, correct_index) VALUES ('019db35c-510e-70b4-a060-4f4247d47b67', '019db35c-5104-72b5-a1b8-5e9d6e01a5f5', 2, 'What cognitive effect is compared to alcohol impairment?', '["Memory loss","Impaired attention and slower reaction times","Increased creativity","Better decision-making"]', 1);
INSERT INTO public.exam_version_reading_items (id, passage_id, display_order, stem, options, correct_index) VALUES ('019db35c-510e-70b4-a060-4f4247ead6b5', '019db35c-5104-72b5-a1b8-5e9d6e01a5f5', 3, 'What health risk is associated with sleep deprivation?', '["Improved immunity","Reduced risk of diabetes","Increased risk of obesity and cardiovascular disease","Better mental health"]', 2);
INSERT INTO public.exam_version_reading_items (id, passage_id, display_order, stem, options, correct_index) VALUES ('019db35c-510f-70cf-aa73-c418a3469d4d', '019db35c-5104-72b5-a1b8-5e9d6e01a5f5', 4, 'How does sleep deprivation affect appetite?', '["It reduces hunger","It disrupts hormones leading to increased hunger","It has no effect","It improves metabolism"]', 1);
INSERT INTO public.exam_version_reading_items (id, passage_id, display_order, stem, options, correct_index) VALUES ('019db35c-5110-713d-94c8-a7a5b6087238', '019db35c-5104-72b5-a1b8-5e9d6e01a5f5', 5, 'What does blue light from screens do?', '["Improve sleep quality","Suppress melatonin production","Increase energy","Reduce stress"]', 1);
INSERT INTO public.exam_version_reading_items (id, passage_id, display_order, stem, options, correct_index) VALUES ('019db35c-5111-73c4-933f-c5c98eeb991f', '019db35c-5104-72b5-a1b8-5e9d6e01a5f5', 6, 'What does the word suppresses mean in paragraph 5?', '["Increases","Reduces or prevents","Replaces","Improves"]', 1);
INSERT INTO public.exam_version_reading_items (id, passage_id, display_order, stem, options, correct_index) VALUES ('019db35c-5112-7255-9418-83b8b7a4ebca', '019db35c-5104-72b5-a1b8-5e9d6e01a5f5', 7, 'What individual action can improve sleep?', '["Watching more TV","Maintaining consistent sleep schedules","Drinking coffee before bed","Sleeping less on weekends"]', 1);
INSERT INTO public.exam_version_reading_items (id, passage_id, display_order, stem, options, correct_index) VALUES ('019db35c-5113-7373-b4c2-5430bda8267b', '019db35c-5104-72b5-a1b8-5e9d6e01a5f5', 8, 'What societal change does the author suggest?', '["Banning smartphones","Adjusting school and work schedules","Closing social media","Requiring naps"]', 1);
INSERT INTO public.exam_version_reading_items (id, passage_id, display_order, stem, options, correct_index) VALUES ('019db35c-5114-7052-9b3d-5def428fe7e5', '019db35c-5104-72b5-a1b8-5e9d6e01a5f5', 9, 'What is the main message of the passage?', '["Sleep is unimportant","Sleep deprivation is a serious modern problem with multiple causes and solutions","Technology is always harmful","People sleep too much"]', 1);
INSERT INTO public.exam_version_reading_items (id, passage_id, display_order, stem, options, correct_index) VALUES ('019db35c-c427-73a7-aeb9-3eabf7d350ff', '019db35c-c422-70a2-b549-09fb5f41b2a5', 0, 'What makes modern AI different from previous automation?', '["It is cheaper","It can perform complex analytical and creative functions","It only affects manufacturing","It is slower"]', 1);
INSERT INTO public.exam_version_reading_items (id, passage_id, display_order, stem, options, correct_index) VALUES ('019db35c-c429-730d-94f8-eb1507f1e3e1', '019db35c-c422-70a2-b549-09fb5f41b2a5', 1, 'What do optimists argue about AI?', '["It will cause mass unemployment","New jobs will emerge and productivity will increase","It will only benefit rich countries","It will replace all human workers"]', 1);
INSERT INTO public.exam_version_reading_items (id, passage_id, display_order, stem, options, correct_index) VALUES ('019db35c-c42a-7380-9287-f92bac9e5925', '019db35c-c422-70a2-b549-09fb5f41b2a5', 2, 'What historical examples do optimists cite?', '["World War II","The industrial revolution and computerization of the 1980s-90s","The space race","The internet bubble"]', 1);
INSERT INTO public.exam_version_reading_items (id, passage_id, display_order, stem, options, correct_index) VALUES ('019db35c-c42b-7008-b3a5-f39f25e89e81', '019db35c-c422-70a2-b549-09fb5f41b2a5', 3, 'What concern do pessimists raise about AI?', '["It is too expensive","It can automate across all sectors simultaneously","It only affects developing countries","It is not advanced enough"]', 2);
INSERT INTO public.exam_version_reading_items (id, passage_id, display_order, stem, options, correct_index) VALUES ('019db35c-c42c-7201-a8b6-a765e693b700', '019db35c-c422-70a2-b549-09fb5f41b2a5', 4, 'Who is most at risk of job displacement according to the passage?', '["Creative workers","Manual laborers","Workers in routine cognitive jobs","Healthcare workers"]', 2);
INSERT INTO public.exam_version_reading_items (id, passage_id, display_order, stem, options, correct_index) VALUES ('019db35c-c42d-72bb-a681-ce04a53f46a4', '019db35c-c422-70a2-b549-09fb5f41b2a5', 5, 'What does the word accrue mean in paragraph 4?', '["Decrease","Accumulate or build up","Distribute equally","Disappear"]', 1);
INSERT INTO public.exam_version_reading_items (id, passage_id, display_order, stem, options, correct_index) VALUES ('019db35c-c42e-70b6-bb38-0c3af069162f', '019db35c-c422-70a2-b549-09fb5f41b2a5', 6, 'What is universal basic income proposed to do?', '["Replace all jobs","Provide a safety net for displaced workers","Fund AI research","Tax technology companies"]', 1);
INSERT INTO public.exam_version_reading_items (id, passage_id, display_order, stem, options, correct_index) VALUES ('019db35c-c42f-712d-8577-2c37148a6618', '019db35c-c422-70a2-b549-09fb5f41b2a5', 7, 'What skills does the author suggest emphasizing in education?', '["Technical coding skills","Critical thinking, creativity, and emotional intelligence","Data entry and accounting","Manufacturing skills"]', 1);
INSERT INTO public.exam_version_reading_items (id, passage_id, display_order, stem, options, correct_index) VALUES ('019db35c-c430-7292-ac2e-da811236d4cd', '019db35c-c422-70a2-b549-09fb5f41b2a5', 8, 'What does the author say will determine AI impact on employment?', '["Only technology","Only economics","Policy choices as much as technology","Individual worker choices"]', 2);
INSERT INTO public.exam_version_reading_items (id, passage_id, display_order, stem, options, correct_index) VALUES ('019db35c-c431-733c-b8c3-a960cda24afb', '019db35c-c422-70a2-b549-09fb5f41b2a5', 9, 'What is the overall tone of the passage?', '["Alarmist","Dismissive","Analytical and balanced","Optimistic"]', 2);
INSERT INTO public.exam_version_reading_items (id, passage_id, display_order, stem, options, correct_index) VALUES ('019db35f-5866-72af-993a-0f06ac2cf6b0', '019db35f-5861-7146-a816-6978161e33d5', 0, 'How much exercise do health organizations recommend per week?', '["100 minutes","150 minutes","200 minutes","250 minutes"]', 1);
INSERT INTO public.exam_version_reading_items (id, passage_id, display_order, stem, options, correct_index) VALUES ('019db35f-5867-70cd-88d7-21a9d164256f', '019db35f-5861-7146-a816-6978161e33d5', 1, 'What does exercise do for the heart?', '["Weakens it","Strengthens it and improves cardiovascular health","Has no effect","Increases heart rate permanently"]', 1);
INSERT INTO public.exam_version_reading_items (id, passage_id, display_order, stem, options, correct_index) VALUES ('019db35f-5868-706a-b251-bda372796ec4', '019db35f-5861-7146-a816-6978161e33d5', 2, 'What are endorphins?', '["Vitamins","Chemicals that create happiness and reduce stress","Hormones that cause stress","Proteins that build muscle"]', 1);
INSERT INTO public.exam_version_reading_items (id, passage_id, display_order, stem, options, correct_index) VALUES ('019db35f-5869-7362-986c-8a22b652ea26', '019db35f-5861-7146-a816-6978161e33d5', 3, 'How effective is exercise for mild depression?', '["Less effective than medication","As effective as medication","More effective than medication","Not effective at all"]', 1);
INSERT INTO public.exam_version_reading_items (id, passage_id, display_order, stem, options, correct_index) VALUES ('019db35f-586a-7151-b246-487b430d4072', '019db35f-5861-7146-a816-6978161e33d5', 4, 'What is listed as a barrier to exercise?', '["Too much energy","Lack of time and motivation","Too many gym options","Excessive health"]', 1);
INSERT INTO public.exam_version_reading_items (id, passage_id, display_order, stem, options, correct_index) VALUES ('019db35f-586b-7217-a9b9-316451871314', '019db35f-5861-7146-a816-6978161e33d5', 5, 'What simple activity is suggested to increase exercise?', '["Buying expensive equipment","Taking the stairs instead of the lift","Joining a sports team","Running marathons"]', 1);
INSERT INTO public.exam_version_reading_items (id, passage_id, display_order, stem, options, correct_index) VALUES ('019db35f-586c-73a2-a7a8-b62d9110216f', '019db35f-5861-7146-a816-6978161e33d5', 6, 'What does the word sedentary mean in paragraph 1?', '["Very active","Involving little physical activity","Healthy","Outdoors"]', 1);
INSERT INTO public.exam_version_reading_items (id, passage_id, display_order, stem, options, correct_index) VALUES ('019db35f-586c-73a2-a7a8-b62d914c935b', '019db35f-5861-7146-a816-6978161e33d5', 7, 'What approach does the author recommend for beginners?', '["Intense daily workouts","Starting slowly and gradually increasing","Exercising only on weekends","Joining a gym immediately"]', 1);
INSERT INTO public.exam_version_reading_items (id, passage_id, display_order, stem, options, correct_index) VALUES ('019db35f-586f-7023-95d9-f3bc0fcb9994', '019db35f-5861-7146-a816-6978161e33d5', 8, 'What is described as the key to exercise success?', '["Intensity","Consistency","Expensive equipment","Professional coaching"]', 0);
INSERT INTO public.exam_version_reading_items (id, passage_id, display_order, stem, options, correct_index) VALUES ('019db35f-5870-73aa-b2e6-5bd12972757a', '019db35f-5861-7146-a816-6978161e33d5', 9, 'What is the main message of the passage?', '["Exercise is only for young people","Regular exercise has significant physical and mental benefits","Exercise requires expensive equipment","Only intense exercise is beneficial"]', 1);
INSERT INTO public.exam_version_reading_items (id, passage_id, display_order, stem, options, correct_index) VALUES ('019db35f-b3da-7255-8252-d70c9747b94a', '019db35f-b3d4-701a-a789-f461a4059d22', 0, 'How many people are chronically undernourished?', '["400 million","600 million","800 million","1 billion"]', 2);
INSERT INTO public.exam_version_reading_items (id, passage_id, display_order, stem, options, correct_index) VALUES ('019db35f-b3db-7164-aa9b-ff2f137eb3f1', '019db35f-b3d4-701a-a789-f461a4059d22', 1, 'What threat does climate change pose to food security?', '["It improves crop yields","It disrupts agricultural production","It has no effect","It increases rainfall everywhere"]', 1);
INSERT INTO public.exam_version_reading_items (id, passage_id, display_order, stem, options, correct_index) VALUES ('019db35f-b3dc-7276-b262-5578565cfa3d', '019db35f-b3d4-701a-a789-f461a4059d22', 2, 'By how much must food production increase by 2050?', '["20-30%","50-70%","100%","200%"]', 1);
INSERT INTO public.exam_version_reading_items (id, passage_id, display_order, stem, options, correct_index) VALUES ('019db35f-b3dc-7276-b262-557856ce8c26', '019db35f-b3d4-701a-a789-f461a4059d22', 3, 'What does precision agriculture do?', '["Replace all farmers","Optimize crop yields while minimizing resource use","Only grow organic food","Eliminate pesticides"]', 1);
INSERT INTO public.exam_version_reading_items (id, passage_id, display_order, stem, options, correct_index) VALUES ('019db35f-b3dd-73ce-bf26-423ec9c97b6b', '019db35f-b3d4-701a-a789-f461a4059d22', 4, 'Where does most food waste occur in developed countries?', '["During production","During storage","At the consumer level","During transport"]', 2);
INSERT INTO public.exam_version_reading_items (id, passage_id, display_order, stem, options, correct_index) VALUES ('019db35f-b3dd-73ce-bf26-423eca08e5e2', '019db35f-b3d4-701a-a789-f461a4059d22', 5, 'What proportion of food produced globally is wasted?', '["One quarter","One third","One half","One fifth"]', 1);
INSERT INTO public.exam_version_reading_items (id, passage_id, display_order, stem, options, correct_index) VALUES ('019db35f-b3de-7097-b003-7daaea68e5da', '019db35f-b3d4-701a-a789-f461a4059d22', 6, 'What does the word staple mean in paragraph 2?', '["Luxury","Basic and widely consumed","Expensive","Imported"]', 1);
INSERT INTO public.exam_version_reading_items (id, passage_id, display_order, stem, options, correct_index) VALUES ('019db35f-b3de-7097-b003-7daaeb63bb32', '019db35f-b3d4-701a-a789-f461a4059d22', 7, 'Who does the author say is particularly important to support?', '["Large corporations","Smallholder farmers","Urban consumers","Food scientists"]', 1);
INSERT INTO public.exam_version_reading_items (id, passage_id, display_order, stem, options, correct_index) VALUES ('019db35f-b3df-7036-b5be-0edd5ecf516f', '019db35f-b3d4-701a-a789-f461a4059d22', 8, 'What is the main challenge described in the passage?', '["Too much food production","Feeding a growing population sustainably despite climate change","Lack of technology","High food prices"]', 1);
INSERT INTO public.exam_version_reading_items (id, passage_id, display_order, stem, options, correct_index) VALUES ('019db35f-b3df-7036-b5be-0edd5f479fb2', '019db35f-b3d4-701a-a789-f461a4059d22', 9, 'What is the tone of the passage?', '["Alarmist","Optimistic","Analytical and solution-focused","Pessimistic"]', 2);
INSERT INTO public.exam_version_reading_items (id, passage_id, display_order, stem, options, correct_index) VALUES ('019db360-0c50-727b-9909-ed379bd2dcb4', '019db360-0c4c-70bd-8aeb-0b2bd34a1d3c', 0, 'What is neuroplasticity?', '["The brain becoming smaller with age","The brain changing in response to experience","The brain being fixed and unchangeable","The brain growing larger"]', 1);
INSERT INTO public.exam_version_reading_items (id, passage_id, display_order, stem, options, correct_index) VALUES ('019db360-0c51-7371-84b4-02dbd241b2ff', '019db360-0c4c-70bd-8aeb-0b2bd34a1d3c', 1, 'What is synaptic plasticity?', '["The brain becoming more flexible","The cellular basis of memory and learning","A type of brain damage","A learning disorder"]', 1);
INSERT INTO public.exam_version_reading_items (id, passage_id, display_order, stem, options, correct_index) VALUES ('019db360-0c51-7371-84b4-02dbd2e6f8dd', '019db360-0c4c-70bd-8aeb-0b2bd34a1d3c', 2, 'What does spaced repetition involve?', '["Studying in one long session","Spacing practice over time","Only studying before exams","Avoiding repetition"]', 1);
INSERT INTO public.exam_version_reading_items (id, passage_id, display_order, stem, options, correct_index) VALUES ('019db360-0c52-734e-8fbf-3386168d22bf', '019db360-0c4c-70bd-8aeb-0b2bd34a1d3c', 3, 'What is the testing effect?', '["Tests cause anxiety","Testing yourself strengthens memory better than re-reading","Tests are ineffective","Only written tests help learning"]', 1);
INSERT INTO public.exam_version_reading_items (id, passage_id, display_order, stem, options, correct_index) VALUES ('019db360-0c53-739f-ae65-fc0b8aeb112b', '019db360-0c4c-70bd-8aeb-0b2bd34a1d3c', 4, 'What happens to memories during sleep?', '["They are forgotten","They are replayed and consolidated","They become stronger without sleep","They are transferred to long-term memory immediately"]', 1);
INSERT INTO public.exam_version_reading_items (id, passage_id, display_order, stem, options, correct_index) VALUES ('019db360-0c54-7326-a66a-4ac7666d8e0b', '019db360-0c4c-70bd-8aeb-0b2bd34a1d3c', 5, 'What level of stress enhances learning?', '["No stress","Moderate stress","High stress","Chronic stress"]', 1);
INSERT INTO public.exam_version_reading_items (id, passage_id, display_order, stem, options, correct_index) VALUES ('019db360-0c55-7394-bcf7-a2ab1b943623', '019db360-0c4c-70bd-8aeb-0b2bd34a1d3c', 6, 'What does the word retrieval mean in paragraph 4?', '["Storing information","Forgetting information","Recalling information from memory","Reading information"]', 2);
INSERT INTO public.exam_version_reading_items (id, passage_id, display_order, stem, options, correct_index) VALUES ('019db360-0c56-736c-b506-eccb5374349c', '019db360-0c4c-70bd-8aeb-0b2bd34a1d3c', 7, 'What promotes deep learning according to the passage?', '["High stress","Positive emotions and a sense of safety","Competitive environments","Frequent testing only"]', 1);
INSERT INTO public.exam_version_reading_items (id, passage_id, display_order, stem, options, correct_index) VALUES ('019db360-0c56-736c-b506-eccb53d61834', '019db360-0c4c-70bd-8aeb-0b2bd34a1d3c', 8, 'What is the main topic of the passage?', '["How to pass exams","Neuroscience insights that can improve learning","Why students fail","The history of education"]', 1);
INSERT INTO public.exam_version_reading_items (id, passage_id, display_order, stem, options, correct_index) VALUES ('019db360-0c58-728a-939d-1ff32ae23416', '019db360-0c4c-70bd-8aeb-0b2bd34a1d3c', 9, 'What implication does the passage have for classrooms?', '["Students should study alone","Classroom environments should promote positive emotions","Tests should be eliminated","Sleep is not important for students"]', 1);
INSERT INTO public.exam_version_reading_items (id, passage_id, display_order, stem, options, correct_index) VALUES ('019db360-6df0-727f-93b1-bd8e599485a4', '019db360-6dec-70de-8145-459360b59b8d', 0, 'What is cultural homogenization?', '["Cultures becoming more diverse","Diverse cultures becoming increasingly similar","The spread of local cultures","Cultural preservation"]', 1);
INSERT INTO public.exam_version_reading_items (id, passage_id, display_order, stem, options, correct_index) VALUES ('019db360-6df2-71a8-bc50-53c000587d41', '019db360-6dec-70de-8145-459360b59b8d', 1, 'What is often cited as evidence of American cultural dominance?', '["American universities","Hollywood films, fast food, and social media","American sports","American literature"]', 1);
INSERT INTO public.exam_version_reading_items (id, passage_id, display_order, stem, options, correct_index) VALUES ('019db360-6df3-713d-9e7b-c5fd6e24a42d', '019db360-6dec-70de-8145-459360b59b8d', 2, 'What is cultural hybridization?', '["The destruction of local culture","The creative blending of global and local elements","The rejection of all foreign influences","Cultural isolation"]', 1);
INSERT INTO public.exam_version_reading_items (id, passage_id, display_order, stem, options, correct_index) VALUES ('019db360-6df4-7072-8915-6bc0f3325ff8', '019db360-6dec-70de-8145-459360b59b8d', 3, 'What example of cultural hybridization is given?', '["American fast food","Vietnamese hip-hop","British television","Chinese manufacturing"]', 1);
INSERT INTO public.exam_version_reading_items (id, passage_id, display_order, stem, options, correct_index) VALUES ('019db360-6df5-7213-bf06-c19222b530ac', '019db360-6dec-70de-8145-459360b59b8d', 4, 'How do indigenous communities use social media?', '["To spread American culture","To document and share their cultural practices","To oppose globalization","To learn foreign languages"]', 1);
INSERT INTO public.exam_version_reading_items (id, passage_id, display_order, stem, options, correct_index) VALUES ('019db360-6df5-7213-bf06-c192237a1077', '019db360-6dec-70de-8145-459360b59b8d', 5, 'What shapes how communities experience globalization?', '["Geography","Economic inequality","Language","Religion"]', 1);
INSERT INTO public.exam_version_reading_items (id, passage_id, display_order, stem, options, correct_index) VALUES ('019db360-6df6-7226-a512-f1486d0722cd', '019db360-6dec-70de-8145-459360b59b8d', 6, 'What does the word permeates mean in paragraph 2?', '["Destroys","Spreads throughout","Avoids","Replaces"]', 1);
INSERT INTO public.exam_version_reading_items (id, passage_id, display_order, stem, options, correct_index) VALUES ('019db360-6df7-70e6-89f0-4f5285db329c', '019db360-6dec-70de-8145-459360b59b8d', 7, 'What does the author suggest societies should do?', '["Reject globalization entirely","Embrace globalization completely","Participate in global culture while maintaining diversity","Isolate themselves from global influences"]', 2);
INSERT INTO public.exam_version_reading_items (id, passage_id, display_order, stem, options, correct_index) VALUES ('019db360-6df7-70e6-89f0-4f5286a2b463', '019db360-6dec-70de-8145-459360b59b8d', 8, 'What policy does the author recommend?', '["Banning foreign media","Supporting minority languages and cultural education","Restricting trade","Promoting only global culture"]', 1);
INSERT INTO public.exam_version_reading_items (id, passage_id, display_order, stem, options, correct_index) VALUES ('019db360-6df8-7168-9171-239c16c0a47e', '019db360-6dec-70de-8145-459360b59b8d', 9, 'What is the main argument of the passage?', '["Globalization is entirely negative","Globalization destroys all local cultures","Globalization has complex effects on cultural identity requiring thoughtful responses","Globalization is inevitable and unstoppable"]', 2);


--
-- Data for Name: exam_version_speaking_parts; Type: TABLE DATA; Schema: public; Owner: -
--

INSERT INTO public.exam_version_speaking_parts (id, exam_version_id, part, type, duration_minutes, speaking_seconds, content, display_order) VALUES ('019da080-544d-716a-8566-4ac5f4fa1ae8', '019da080-5446-713a-8891-aa19bf52ad17', 1, 'social', 3, 180, '{"topics":[{"name":"Daily Routine","questions":["Tell me about your typical day.","What do you usually do in the evenings?","How do you spend your weekends?"]},{"name":"Hobbies","questions":["What are your hobbies?","How long have you had this hobby?","Why do you enjoy it?"]}]}', 0);
INSERT INTO public.exam_version_speaking_parts (id, exam_version_id, part, type, duration_minutes, speaking_seconds, content, display_order) VALUES ('019db358-98e2-70d6-9175-7fd144f5b7f6', '019da080-5446-713a-8891-aa19bf52ad17', 2, 'solution', 4, 240, '{"situation":"Your city is experiencing serious traffic congestion. The local government is considering three solutions.","solutions":["Build more roads and highways","Improve public transport (buses and metro)","Introduce congestion charges for driving in the city center"],"task":"Choose ONE solution and explain why it is the best option. Consider the advantages and disadvantages of your chosen solution."}', 1);
INSERT INTO public.exam_version_speaking_parts (id, exam_version_id, part, type, duration_minutes, speaking_seconds, content, display_order) VALUES ('019db358-98e4-704b-888c-f805db7e939b', '019da080-5446-713a-8891-aa19bf52ad17', 3, 'topic', 5, 300, '{"topic":"The Impact of Social Media on Society","prompt":"Discuss the positive and negative effects of social media on modern society. Consider its impact on communication, relationships, mental health, and information sharing.","follow_up_questions":["Do you think social media does more harm than good?","How has social media changed the way people communicate?","What can individuals do to use social media more responsibly?"]}', 2);
INSERT INTO public.exam_version_speaking_parts (id, exam_version_id, part, type, duration_minutes, speaking_seconds, content, display_order) VALUES ('019db35a-fb57-70bf-9e49-33298a301561', '019db356-9de1-7328-a7dc-56af4e4756e7', 1, 'social', 3, 180, '{"topics":[{"name":"Food and Eating","questions":["What is your favorite food?","Do you prefer eating at home or in restaurants?","How often do you cook?"]},{"name":"Travel","questions":["Have you traveled abroad?","Where would you like to visit?","What do you enjoy about traveling?"]}]}', 0);
INSERT INTO public.exam_version_speaking_parts (id, exam_version_id, part, type, duration_minutes, speaking_seconds, content, display_order) VALUES ('019db35a-fb58-71cf-bebe-2fb4da6bf154', '019db356-9de1-7328-a7dc-56af4e4756e7', 2, 'solution', 4, 240, '{"situation":"Your school wants to improve students health and fitness. Three options are being considered.","solutions":["Add more physical education classes each week","Build a new sports facility on campus","Introduce a healthy eating program in the school canteen"],"task":"Choose ONE solution and explain why it is the best option."}', 1);
INSERT INTO public.exam_version_speaking_parts (id, exam_version_id, part, type, duration_minutes, speaking_seconds, content, display_order) VALUES ('019db35a-fb59-7015-b26b-b396c9e9e171', '019db356-9de1-7328-a7dc-56af4e4756e7', 3, 'topic', 5, 300, '{"topic":"Education and Technology","prompt":"Discuss how technology has changed education. Consider both the benefits and drawbacks of using technology in schools and universities.","follow_up_questions":["Do you think technology improves learning outcomes?","What are the risks of students relying too much on technology?","How should teachers adapt to technological changes?"]}', 2);
INSERT INTO public.exam_version_speaking_parts (id, exam_version_id, part, type, duration_minutes, speaking_seconds, content, display_order) VALUES ('019db35f-5873-7168-aced-223964a4c3dd', '019db356-9de3-72c7-a710-26c3b272542d', 1, 'social', 3, 180, '{"topics":[{"name":"Family","questions":["Tell me about your family.","How often do you spend time with your family?","What activities do you enjoy doing together?"]},{"name":"Work or Study","questions":["What do you do for work or study?","What do you enjoy most about it?","What are your future plans?"]}]}', 0);
INSERT INTO public.exam_version_speaking_parts (id, exam_version_id, part, type, duration_minutes, speaking_seconds, content, display_order) VALUES ('019db35f-5874-73b0-a67f-e8658d88baa7', '019db356-9de3-72c7-a710-26c3b272542d', 2, 'solution', 4, 240, '{"situation":"Your company wants to improve employee well-being and reduce stress. Three options are being considered.","solutions":["Offer flexible working hours","Provide free gym membership and wellness programs","Introduce a four-day working week"],"task":"Choose ONE solution and explain why it is the best option for improving employee well-being."}', 1);
INSERT INTO public.exam_version_speaking_parts (id, exam_version_id, part, type, duration_minutes, speaking_seconds, content, display_order) VALUES ('019db35f-5875-71db-ac20-450399aaca0d', '019db356-9de3-72c7-a710-26c3b272542d', 3, 'topic', 5, 300, '{"topic":"Environmental Responsibility","prompt":"Discuss the role of individuals, businesses, and governments in protecting the environment. Who has the greatest responsibility, and what actions should each take?","follow_up_questions":["Do you think individuals can make a real difference to environmental problems?","Should businesses be legally required to reduce their environmental impact?","What environmental policies have been most effective in your country?"]}', 2);


--
-- Data for Name: exam_version_writing_tasks; Type: TABLE DATA; Schema: public; Owner: -
--

INSERT INTO public.exam_version_writing_tasks (id, exam_version_id, part, task_type, duration_minutes, prompt, min_words, instructions, display_order) VALUES ('019da080-544c-7353-8f90-b6f11f369842', '019da080-5446-713a-8891-aa19bf52ad17', 1, 'letter', 20, 'You recently attended a training course organized by your company. Write a letter to your manager to:
- Thank them for the opportunity
- Describe what you learned
- Suggest how the training could be improved', 120, '["Thank the manager","Describe what you learned","Suggest improvements"]', 0);
INSERT INTO public.exam_version_writing_tasks (id, exam_version_id, part, task_type, duration_minutes, prompt, min_words, instructions, display_order) VALUES ('019da080-544c-7353-8f90-b6f11f4c44a4', '019da080-5446-713a-8891-aa19bf52ad17', 2, 'essay', 40, 'Some people believe that technology has made our lives easier and more convenient. Others argue that it has created new problems and made life more stressful. Discuss both views and give your own opinion.', 250, '["Discuss both views","Give your own opinion","Use examples to support your arguments"]', 1);
INSERT INTO public.exam_version_writing_tasks (id, exam_version_id, part, task_type, duration_minutes, prompt, min_words, instructions, display_order) VALUES ('019db35a-fb55-7050-996c-35d90769d36f', '019db356-9de1-7328-a7dc-56af4e4756e7', 1, 'letter', 20, 'You borrowed a book from a friend and accidentally damaged it. Write a letter to your friend to:
- Apologize for the damage
- Explain what happened
- Offer to replace or repair the book', 120, '["Apologize","Explain what happened","Offer to replace or repair"]', 0);
INSERT INTO public.exam_version_writing_tasks (id, exam_version_id, part, task_type, duration_minutes, prompt, min_words, instructions, display_order) VALUES ('019db35a-fb56-71f0-bdbf-4fb62efaa984', '019db356-9de1-7328-a7dc-56af4e4756e7', 2, 'essay', 40, 'Many young people today prefer to live in cities rather than in rural areas. What are the advantages and disadvantages of city life for young people? Give your opinion.', 250, '["Discuss advantages","Discuss disadvantages","Give your opinion"]', 1);
INSERT INTO public.exam_version_writing_tasks (id, exam_version_id, part, task_type, duration_minutes, prompt, min_words, instructions, display_order) VALUES ('019db35f-5871-7182-8724-6f9c7bc9d303', '019db356-9de3-72c7-a710-26c3b272542d', 1, 'letter', 20, 'You have seen an advertisement for a part-time job that interests you. Write a letter to the employer to:
- Express your interest in the position
- Describe your relevant skills and experience
- Ask about the working hours and salary', 120, '["Express interest","Describe skills and experience","Ask about hours and salary"]', 0);
INSERT INTO public.exam_version_writing_tasks (id, exam_version_id, part, task_type, duration_minutes, prompt, min_words, instructions, display_order) VALUES ('019db35f-5872-7170-8022-925405532637', '019db356-9de3-72c7-a710-26c3b272542d', 2, 'essay', 40, 'In many countries, people are living longer than ever before. What are the advantages and disadvantages of an aging population? What measures can governments take to address the challenges?', 250, '["Discuss advantages","Discuss disadvantages","Suggest government measures"]', 1);


--
-- Data for Name: grammar_points; Type: TABLE DATA; Schema: public; Owner: -
--

INSERT INTO public.grammar_points (id, slug, name, vietnamese_name, summary, category, display_order, is_published, created_at, updated_at) VALUES ('019da080-5431-70ff-879a-291264d520f9', 'present-perfect', 'Present Perfect', 'Thì hiện tại hoàn thành', 'Diễn tả hành động đã xảy ra và có liên hệ với hiện tại, hoặc trong khoảng thời gian chưa kết thúc.', 'foundation', 1, true, '2026-04-18 12:10:57', '2026-04-22 03:53:49');
INSERT INTO public.grammar_points (id, slug, name, vietnamese_name, summary, category, display_order, is_published, created_at, updated_at) VALUES ('019db352-e5e8-71cb-b823-fb7267deae77', 'passive-voice', 'Passive Voice', 'Câu bị động', 'Dùng khi muốn nhấn mạnh đối tượng chịu tác động thay vì chủ thể thực hiện hành động.', 'foundation', 2, true, '2026-04-22 03:54:07', '2026-04-22 03:54:07');
INSERT INTO public.grammar_points (id, slug, name, vietnamese_name, summary, category, display_order, is_published, created_at, updated_at) VALUES ('019db353-4972-712f-a59a-65ee965fdbad', 'conditional-sentences', 'Conditional Sentences', 'Câu điều kiện', 'Diễn tả điều kiện và kết quả. Type 1 (có thể xảy ra), Type 2 (giả định), Type 3 (không thể xảy ra).', 'foundation', 3, true, '2026-04-22 03:54:33', '2026-04-22 03:54:33');
INSERT INTO public.grammar_points (id, slug, name, vietnamese_name, summary, category, display_order, is_published, created_at, updated_at) VALUES ('019db353-9503-70c9-aa6b-e66b5d472234', 'relative-clauses', 'Relative Clauses', 'Mệnh đề quan hệ', 'Dùng để bổ nghĩa cho danh từ. Hai loại: defining (xác định) và non-defining (không xác định).', 'foundation', 4, true, '2026-04-22 03:54:52', '2026-04-22 03:54:52');
INSERT INTO public.grammar_points (id, slug, name, vietnamese_name, summary, category, display_order, is_published, created_at, updated_at) VALUES ('019db353-ded2-7348-8607-6426d410f8c3', 'modal-verbs', 'Modal Verbs', 'Động từ khuyết thiếu', 'Diễn tả khả năng, sự cho phép, nghĩa vụ, lời khuyên. Gồm: can, could, may, might, must, should, would.', 'foundation', 5, true, '2026-04-22 03:55:11', '2026-04-22 03:55:11');
INSERT INTO public.grammar_points (id, slug, name, vietnamese_name, summary, category, display_order, is_published, created_at, updated_at) VALUES ('019db354-6281-712e-b01a-c37789241547', 'reported-speech', 'Reported Speech', 'Câu tường thuật', 'Dùng để thuật lại lời nói của người khác. Thì động từ lùi về quá khứ.', 'foundation', 6, true, '2026-04-22 03:55:45', '2026-04-22 03:55:45');
INSERT INTO public.grammar_points (id, slug, name, vietnamese_name, summary, category, display_order, is_published, created_at, updated_at) VALUES ('019db354-cb0a-70e6-997d-3c9ee87bfcdd', 'articles', 'Articles (a/an/the)', 'Mạo từ', 'a/an dùng cho danh từ đếm được số ít lần đầu nhắc đến. the dùng khi đã xác định hoặc duy nhất.', 'foundation', 7, true, '2026-04-22 03:56:11', '2026-04-22 03:56:11');
INSERT INTO public.grammar_points (id, slug, name, vietnamese_name, summary, category, display_order, is_published, created_at, updated_at) VALUES ('019db355-1c7b-70e1-b753-ec6176efcd01', 'gerunds-infinitives', 'Gerunds & Infinitives', 'Danh động từ và động từ nguyên mẫu', 'Gerund (V-ing) và infinitive (to + V) dùng sau một số động từ nhất định. Một số động từ dùng được cả hai nhưng nghĩa khác nhau.', 'foundation', 8, true, '2026-04-22 03:56:32', '2026-04-22 03:56:32');
INSERT INTO public.grammar_points (id, slug, name, vietnamese_name, summary, category, display_order, is_published, created_at, updated_at) VALUES ('019db355-6f5a-70d9-97e4-9862ed349b16', 'comparison', 'Comparison', 'So sánh', 'So sánh hơn (comparative), so sánh nhất (superlative), so sánh bằng (as...as). Dùng nhiều trong writing và speaking.', 'foundation', 9, true, '2026-04-22 03:56:53', '2026-04-22 03:56:53');
INSERT INTO public.grammar_points (id, slug, name, vietnamese_name, summary, category, display_order, is_published, created_at, updated_at) VALUES ('019db355-e3a3-71d2-94a3-37f86d562d3c', 'conjunctions-linking', 'Conjunctions & Linking Words', 'Liên từ và từ nối', 'Dùng để kết nối ý trong câu và đoạn văn. Quan trọng cho writing: addition, contrast, cause/effect, concession.', 'writing', 10, true, '2026-04-22 03:57:23', '2026-04-22 03:57:23');


--
-- Data for Name: grammar_common_mistakes; Type: TABLE DATA; Schema: public; Owner: -
--

INSERT INTO public.grammar_common_mistakes (id, grammar_point_id, wrong, correct, explanation, display_order) VALUES ('019da080-5437-7380-9760-816d73c69d92', '019da080-5431-70ff-879a-291264d520f9', 'I have live here.', 'I have lived here.', 'Phải dùng V3/ed sau have/has.', 0);
INSERT INTO public.grammar_common_mistakes (id, grammar_point_id, wrong, correct, explanation, display_order) VALUES ('019db352-9dfe-71c8-b068-1087b753a64c', '019da080-5431-70ff-879a-291264d520f9', 'She has went to school.', 'She has gone to school.', 'Go → gone (bất quy tắc).', 1);
INSERT INTO public.grammar_common_mistakes (id, grammar_point_id, wrong, correct, explanation, display_order) VALUES ('019db352-e5f8-73bd-b984-c4cf71a271d7', '019db352-e5e8-71cb-b823-fb7267deae77', 'The letter was wrote by her.', 'The letter was written by her.', 'Write → written (bất quy tắc).', 0);
INSERT INTO public.grammar_common_mistakes (id, grammar_point_id, wrong, correct, explanation, display_order) VALUES ('019db353-4980-73c6-b8d5-7a6221ed121e', '019db353-4972-712f-a59a-65ee965fdbad', 'If I will go, I will call you.', 'If I go, I will call you.', 'Mệnh đề if không dùng will.', 0);
INSERT INTO public.grammar_common_mistakes (id, grammar_point_id, wrong, correct, explanation, display_order) VALUES ('019db353-4981-71f7-a1bc-dc2d8400a7d5', '019db353-4972-712f-a59a-65ee965fdbad', 'If he studied, he will pass.', 'If he studied, he would pass.', 'Type 2: if + past → would + V.', 1);
INSERT INTO public.grammar_common_mistakes (id, grammar_point_id, wrong, correct, explanation, display_order) VALUES ('019db353-9513-7006-9799-52c8a6687639', '019db353-9503-70c9-aa6b-e66b5d472234', 'The man which called you is here.', 'The man who called you is here.', 'Dùng who cho người, which cho vật.', 0);
INSERT INTO public.grammar_common_mistakes (id, grammar_point_id, wrong, correct, explanation, display_order) VALUES ('019db353-9513-7006-9799-52c8a72f3cce', '019db353-9503-70c9-aa6b-e66b5d472234', 'She is the girl whose her bag was stolen.', 'She is the girl whose bag was stolen.', 'Sau whose không dùng thêm her/his.', 1);
INSERT INTO public.grammar_common_mistakes (id, grammar_point_id, wrong, correct, explanation, display_order) VALUES ('019db353-dee0-73d6-8bdb-f61781f4c40c', '019db353-ded2-7348-8607-6426d410f8c3', 'You must to go now.', 'You must go now.', 'Modal verbs không dùng to trước động từ.', 0);
INSERT INTO public.grammar_common_mistakes (id, grammar_point_id, wrong, correct, explanation, display_order) VALUES ('019db353-dee1-7100-baa3-c6baa3b6c62f', '019db353-ded2-7348-8607-6426d410f8c3', 'She can sings well.', 'She can sing well.', 'Sau modal dùng bare infinitive, không chia.', 1);
INSERT INTO public.grammar_common_mistakes (id, grammar_point_id, wrong, correct, explanation, display_order) VALUES ('019db354-628d-7118-a783-121a14620b1a', '019db354-6281-712e-b01a-c37789241547', 'She said she is tired.', 'She said she was tired.', 'Lùi thì: is → was.', 0);
INSERT INTO public.grammar_common_mistakes (id, grammar_point_id, wrong, correct, explanation, display_order) VALUES ('019db354-628e-7361-8dcb-e4629886dab0', '019db354-6281-712e-b01a-c37789241547', 'He asked where do I live.', 'He asked where I lived.', 'Câu hỏi gián tiếp dùng trật tự câu khẳng định.', 1);
INSERT INTO public.grammar_common_mistakes (id, grammar_point_id, wrong, correct, explanation, display_order) VALUES ('019db354-cb17-7120-8bd8-692bedf80c6c', '019db354-cb0a-70e6-997d-3c9ee87bfcdd', 'She is a honest person.', 'She is an honest person.', 'Dùng an trước âm nguyên âm (h câm).', 0);
INSERT INTO public.grammar_common_mistakes (id, grammar_point_id, wrong, correct, explanation, display_order) VALUES ('019db354-cb18-708b-8c3c-dea74095cf19', '019db354-cb0a-70e6-997d-3c9ee87bfcdd', 'I go to the school every day.', 'I go to school every day.', 'Không dùng the với school/work/church khi nói về mục đích.', 1);
INSERT INTO public.grammar_common_mistakes (id, grammar_point_id, wrong, correct, explanation, display_order) VALUES ('019db355-1c8a-7287-8d7b-0b9aa3e226d6', '019db355-1c7b-70e1-b753-ec6176efcd01', 'She enjoys to read.', 'She enjoys reading.', 'enjoy + V-ing, không dùng to + V.', 0);
INSERT INTO public.grammar_common_mistakes (id, grammar_point_id, wrong, correct, explanation, display_order) VALUES ('019db355-1c8b-7355-b2c2-5c882869fd2e', '019db355-1c7b-70e1-b753-ec6176efcd01', 'He wants studying abroad.', 'He wants to study abroad.', 'want + to + V.', 1);
INSERT INTO public.grammar_common_mistakes (id, grammar_point_id, wrong, correct, explanation, display_order) VALUES ('019db355-6f69-7157-b41f-09f11f8eeaa6', '019db355-6f5a-70d9-97e4-9862ed349b16', 'She is more taller than her sister.', 'She is taller than her sister.', 'Không dùng more với tính từ ngắn.', 0);
INSERT INTO public.grammar_common_mistakes (id, grammar_point_id, wrong, correct, explanation, display_order) VALUES ('019db355-6f6a-7030-afe8-6fc868eba6dc', '019db355-6f5a-70d9-97e4-9862ed349b16', 'He is the most tallest student.', 'He is the tallest student.', 'Không dùng most với tính từ ngắn.', 1);
INSERT INTO public.grammar_common_mistakes (id, grammar_point_id, wrong, correct, explanation, display_order) VALUES ('019db355-e3b3-73dd-8aa7-7174615977f2', '019db355-e3a3-71d2-94a3-37f86d562d3c', 'Although it was cold, but she went out.', 'Although it was cold, she went out.', 'Không dùng although và but cùng lúc.', 0);
INSERT INTO public.grammar_common_mistakes (id, grammar_point_id, wrong, correct, explanation, display_order) VALUES ('019db355-e3b4-70be-bee8-e5aaa6a49b17', '019db355-e3a3-71d2-94a3-37f86d562d3c', 'Despite of the rain, we went out.', 'Despite the rain, we went out.', 'Despite không dùng of, dùng in spite of nếu muốn.', 1);


--
-- Data for Name: grammar_examples; Type: TABLE DATA; Schema: public; Owner: -
--

INSERT INTO public.grammar_examples (id, grammar_point_id, en, vi, note, display_order) VALUES ('019da080-5436-700b-a615-3207e08e290a', '019da080-5431-70ff-879a-291264d520f9', 'I have lived here for five years.', 'Tôi đã sống ở đây 5 năm.', NULL, 0);
INSERT INTO public.grammar_examples (id, grammar_point_id, en, vi, note, display_order) VALUES ('019db352-9dfc-7033-90bd-4e57d5c0f423', '019da080-5431-70ff-879a-291264d520f9', 'She has never visited Paris.', 'Cô ấy chưa bao giờ đến Paris.', NULL, 1);
INSERT INTO public.grammar_examples (id, grammar_point_id, en, vi, note, display_order) VALUES ('019db352-e5f6-7030-be03-2fbedeed9ee7', '019db352-e5e8-71cb-b823-fb7267deae77', 'The report was written by the manager.', 'Báo cáo được viết bởi người quản lý.', NULL, 0);
INSERT INTO public.grammar_examples (id, grammar_point_id, en, vi, note, display_order) VALUES ('019db352-e5f7-73fe-8c87-d0cbbc297fd0', '019db352-e5e8-71cb-b823-fb7267deae77', 'New policies will be introduced next year.', 'Các chính sách mới sẽ được giới thiệu năm tới.', NULL, 1);
INSERT INTO public.grammar_examples (id, grammar_point_id, en, vi, note, display_order) VALUES ('019db353-497d-72f1-b719-4b8891e4f805', '019db353-4972-712f-a59a-65ee965fdbad', 'If it rains, we will cancel the trip.', 'Nếu trời mưa, chúng tôi sẽ hủy chuyến đi.', NULL, 0);
INSERT INTO public.grammar_examples (id, grammar_point_id, en, vi, note, display_order) VALUES ('019db353-497d-72f1-b719-4b889294c140', '019db353-4972-712f-a59a-65ee965fdbad', 'If I had more time, I would study harder.', 'Nếu tôi có nhiều thời gian hơn, tôi sẽ học chăm hơn.', NULL, 1);
INSERT INTO public.grammar_examples (id, grammar_point_id, en, vi, note, display_order) VALUES ('019db353-497e-706a-b49e-97e45ac9ae47', '019db353-4972-712f-a59a-65ee965fdbad', 'If she had studied, she would have passed.', 'Nếu cô ấy đã học, cô ấy đã đỗ rồi.', NULL, 2);
INSERT INTO public.grammar_examples (id, grammar_point_id, en, vi, note, display_order) VALUES ('019db353-9510-7122-aab1-f9c0c67f4fd5', '019db353-9503-70c9-aa6b-e66b5d472234', 'The student who studies hard will succeed.', 'Học sinh nào học chăm sẽ thành công.', NULL, 0);
INSERT INTO public.grammar_examples (id, grammar_point_id, en, vi, note, display_order) VALUES ('019db353-9511-73e2-beda-683713d2dcd7', '019db353-9503-70c9-aa6b-e66b5d472234', 'My sister, who lives in Hanoi, is a doctor.', 'Chị gái tôi, người sống ở Hà Nội, là bác sĩ.', 'Non-defining: có dấu phẩy', 1);
INSERT INTO public.grammar_examples (id, grammar_point_id, en, vi, note, display_order) VALUES ('019db353-dedd-72e0-8e51-62e16787fbd9', '019db353-ded2-7348-8607-6426d410f8c3', 'You should exercise regularly.', 'Bạn nên tập thể dục thường xuyên.', NULL, 0);
INSERT INTO public.grammar_examples (id, grammar_point_id, en, vi, note, display_order) VALUES ('019db353-dede-7088-8916-5019c6f2de3c', '019db353-ded2-7348-8607-6426d410f8c3', 'She must have forgotten the meeting.', 'Cô ấy chắc đã quên cuộc họp rồi.', NULL, 1);
INSERT INTO public.grammar_examples (id, grammar_point_id, en, vi, note, display_order) VALUES ('019db353-dede-7088-8916-5019c6f8b55d', '019db353-ded2-7348-8607-6426d410f8c3', 'It might rain this afternoon.', 'Chiều nay có thể trời mưa.', NULL, 2);
INSERT INTO public.grammar_examples (id, grammar_point_id, en, vi, note, display_order) VALUES ('019db354-628a-7123-9299-211b95bf65f4', '019db354-6281-712e-b01a-c37789241547', 'She said she was tired.', 'Cô ấy nói rằng cô ấy mệt.', NULL, 0);
INSERT INTO public.grammar_examples (id, grammar_point_id, en, vi, note, display_order) VALUES ('019db354-628b-7387-93cf-0e730b594860', '019db354-6281-712e-b01a-c37789241547', 'He asked if I had finished.', 'Anh ấy hỏi tôi đã xong chưa.', NULL, 1);
INSERT INTO public.grammar_examples (id, grammar_point_id, en, vi, note, display_order) VALUES ('019db354-cb14-7115-9065-ea1a33201872', '019db354-cb0a-70e6-997d-3c9ee87bfcdd', 'I saw a dog. The dog was barking.', 'Tôi thấy một con chó. Con chó đó đang sủa.', 'a = lần đầu, the = đã biết', 0);
INSERT INTO public.grammar_examples (id, grammar_point_id, en, vi, note, display_order) VALUES ('019db354-cb15-72b9-aa26-5fb3e7f1e2af', '019db354-cb0a-70e6-997d-3c9ee87bfcdd', 'The sun rises in the east.', 'Mặt trời mọc ở phía đông.', 'the = duy nhất', 1);
INSERT INTO public.grammar_examples (id, grammar_point_id, en, vi, note, display_order) VALUES ('019db355-1c87-717b-8f08-7b27e2c4068f', '019db355-1c7b-70e1-b753-ec6176efcd01', 'She enjoys reading novels.', 'Cô ấy thích đọc tiểu thuyết.', NULL, 0);
INSERT INTO public.grammar_examples (id, grammar_point_id, en, vi, note, display_order) VALUES ('019db355-1c87-717b-8f08-7b27e33db574', '019db355-1c7b-70e1-b753-ec6176efcd01', 'He decided to study abroad.', 'Anh ấy quyết định du học.', NULL, 1);
INSERT INTO public.grammar_examples (id, grammar_point_id, en, vi, note, display_order) VALUES ('019db355-1c88-7108-ae73-e9566db58d6d', '019db355-1c7b-70e1-b753-ec6176efcd01', 'I stopped smoking. vs I stopped to smoke.', 'Tôi bỏ hút thuốc. vs Tôi dừng lại để hút thuốc.', 'Nghĩa khác nhau', 2);
INSERT INTO public.grammar_examples (id, grammar_point_id, en, vi, note, display_order) VALUES ('019db355-6f66-707a-892c-cda298f895ee', '019db355-6f5a-70d9-97e4-9862ed349b16', 'Cities are more expensive than rural areas.', 'Thành phố đắt đỏ hơn vùng nông thôn.', NULL, 0);
INSERT INTO public.grammar_examples (id, grammar_point_id, en, vi, note, display_order) VALUES ('019db355-6f68-71bc-8247-b57b832c5651', '019db355-6f5a-70d9-97e4-9862ed349b16', 'This is the most important issue of our time.', 'Đây là vấn đề quan trọng nhất của thời đại chúng ta.', NULL, 1);
INSERT INTO public.grammar_examples (id, grammar_point_id, en, vi, note, display_order) VALUES ('019db355-e3af-71f5-9978-41aafb052917', '019db355-e3a3-71d2-94a3-37f86d562d3c', 'Technology improves efficiency. Furthermore, it reduces costs.', 'Công nghệ cải thiện hiệu quả. Hơn nữa, nó giảm chi phí.', NULL, 0);
INSERT INTO public.grammar_examples (id, grammar_point_id, en, vi, note, display_order) VALUES ('019db355-e3b0-71a3-87d9-04938cac1be5', '019db355-e3a3-71d2-94a3-37f86d562d3c', 'Although it was raining, they continued the match.', 'Mặc dù trời mưa, họ vẫn tiếp tục trận đấu.', NULL, 1);
INSERT INTO public.grammar_examples (id, grammar_point_id, en, vi, note, display_order) VALUES ('019db355-e3b1-72c3-a2dd-a73e63e04dfd', '019db355-e3a3-71d2-94a3-37f86d562d3c', 'The factory pollutes the river. As a result, fish are dying.', 'Nhà máy gây ô nhiễm sông. Kết quả là cá đang chết.', NULL, 2);


--
-- Data for Name: grammar_exercises; Type: TABLE DATA; Schema: public; Owner: -
--

INSERT INTO public.grammar_exercises (id, grammar_point_id, kind, payload, explanation, display_order, created_at, updated_at) VALUES ('019da080-543a-70f8-a751-a76a77a354eb', '019da080-5431-70ff-879a-291264d520f9', 'mcq', '{"prompt":"She ___ (live) here since 2020.","options":["lived","has lived","is living","was living"],"correct_index":1}', 'Since + mốc thời gian → present perfect.', 0, '2026-04-18 12:10:57', '2026-04-18 12:10:57');
INSERT INTO public.grammar_exercises (id, grammar_point_id, kind, payload, explanation, display_order, created_at, updated_at) VALUES ('019da080-543b-7101-bdc8-69f544937a38', '019da080-5431-70ff-879a-291264d520f9', 'fill_blank', '{"template":"They ___ (not finish) the project yet.","accepted_answers":["haven''t finished","have not finished"]}', 'Yet dùng với present perfect phủ định.', 1, '2026-04-18 12:10:57', '2026-04-18 12:10:57');
INSERT INTO public.grammar_exercises (id, grammar_point_id, kind, payload, explanation, display_order, created_at, updated_at) VALUES ('019db352-e5fc-737b-b628-d39f61a06fad', '019db352-e5e8-71cb-b823-fb7267deae77', 'mcq', '{"prompt":"The new bridge ___ last year.","options":["built","was built","has built","is building"],"correct_index":1}', 'Hành động hoàn thành trong quá khứ → was built.', 0, '2026-04-22 03:54:07', '2026-04-22 03:54:07');
INSERT INTO public.grammar_exercises (id, grammar_point_id, kind, payload, explanation, display_order, created_at, updated_at) VALUES ('019db352-e5fe-722c-9a62-1e1ffc442f2d', '019db352-e5e8-71cb-b823-fb7267deae77', 'fill_blank', '{"template":"English ___ (speak) in many countries.","accepted_answers":["is spoken","is widely spoken"]}', 'Bị động thì hiện tại đơn.', 1, '2026-04-22 03:54:07', '2026-04-22 03:54:07');
INSERT INTO public.grammar_exercises (id, grammar_point_id, kind, payload, explanation, display_order, created_at, updated_at) VALUES ('019db353-4983-732e-ae95-4a3b49e28079', '019db353-4972-712f-a59a-65ee965fdbad', 'mcq', '{"prompt":"If she ___ harder, she would get better grades.","options":["studies","studied","will study","had studied"],"correct_index":1}', 'Type 2: if + past simple → would + V.', 0, '2026-04-22 03:54:33', '2026-04-22 03:54:33');
INSERT INTO public.grammar_exercises (id, grammar_point_id, kind, payload, explanation, display_order, created_at, updated_at) VALUES ('019db353-4984-7188-8834-902b7eb3cec3', '019db353-4972-712f-a59a-65ee965fdbad', 'mcq', '{"prompt":"If they had left earlier, they ___ the train.","options":["catch","would catch","would have caught","had caught"],"correct_index":2}', 'Type 3: would have + V3.', 1, '2026-04-22 03:54:33', '2026-04-22 03:54:33');
INSERT INTO public.grammar_exercises (id, grammar_point_id, kind, payload, explanation, display_order, created_at, updated_at) VALUES ('019db353-9517-7288-af35-4646ba2054da', '019db353-9503-70c9-aa6b-e66b5d472234', 'mcq', '{"prompt":"The teacher ___ taught me English retired last year.","options":["which","whose","who","whom"],"correct_index":2}', 'Who dùng cho người làm chủ ngữ.', 0, '2026-04-22 03:54:52', '2026-04-22 03:54:52');
INSERT INTO public.grammar_exercises (id, grammar_point_id, kind, payload, explanation, display_order, created_at, updated_at) VALUES ('019db353-9517-7288-af35-4646ba4e1e44', '019db353-9503-70c9-aa6b-e66b5d472234', 'mcq', '{"prompt":"She has a friend ___ father is a famous writer.","options":["who","which","whose","whom"],"correct_index":2}', 'Whose dùng để chỉ sở hữu.', 1, '2026-04-22 03:54:52', '2026-04-22 03:54:52');
INSERT INTO public.grammar_exercises (id, grammar_point_id, kind, payload, explanation, display_order, created_at, updated_at) VALUES ('019db353-dee4-73c1-823d-48decb3cf9f2', '019db353-ded2-7348-8607-6426d410f8c3', 'mcq', '{"prompt":"You ___ smoke in the hospital. It is forbidden.","options":["should","must not","might not","could not"],"correct_index":1}', 'Must not = cấm tuyệt đối.', 0, '2026-04-22 03:55:11', '2026-04-22 03:55:11');
INSERT INTO public.grammar_exercises (id, grammar_point_id, kind, payload, explanation, display_order, created_at, updated_at) VALUES ('019db353-dee5-7389-8c46-b3078ccbda4d', '019db353-ded2-7348-8607-6426d410f8c3', 'mcq', '{"prompt":"I ___ speak French when I was young, but I have forgotten it.","options":["can","could","may","should"],"correct_index":1}', 'Could = khả năng trong quá khứ.', 1, '2026-04-22 03:55:11', '2026-04-22 03:55:11');
INSERT INTO public.grammar_exercises (id, grammar_point_id, kind, payload, explanation, display_order, created_at, updated_at) VALUES ('019db354-6291-7001-922e-efc2463d9caf', '019db354-6281-712e-b01a-c37789241547', 'mcq', '{"prompt":"I am studying, she said. She said she ___ studying.","options":["is","was","has been","will be"],"correct_index":1}', 'Is → was khi lùi thì.', 0, '2026-04-22 03:55:45', '2026-04-22 03:55:45');
INSERT INTO public.grammar_exercises (id, grammar_point_id, kind, payload, explanation, display_order, created_at, updated_at) VALUES ('019db354-6292-7347-89b8-506cd44c2d7b', '019db354-6281-712e-b01a-c37789241547', 'mcq', '{"prompt":"The teacher told us ___ late.","options":["do not be","not to be","to not be","not being"],"correct_index":1}', 'Mệnh lệnh phủ định: told + not to + V.', 1, '2026-04-22 03:55:45', '2026-04-22 03:55:45');
INSERT INTO public.grammar_exercises (id, grammar_point_id, kind, payload, explanation, display_order, created_at, updated_at) VALUES ('019db354-cb1a-700a-8ffa-cd351bf07c70', '019db354-cb0a-70e6-997d-3c9ee87bfcdd', 'mcq', '{"prompt":"She is ___ engineer at a tech company.","options":["a","an","the","no article"],"correct_index":1}', 'an trước âm nguyên âm /e/.', 0, '2026-04-22 03:56:11', '2026-04-22 03:56:11');
INSERT INTO public.grammar_exercises (id, grammar_point_id, kind, payload, explanation, display_order, created_at, updated_at) VALUES ('019db354-cb1b-73f9-874a-4846f301fed9', '019db354-cb0a-70e6-997d-3c9ee87bfcdd', 'fill_blank', '{"template":"I bought ___ book yesterday. ___ book was very interesting.","accepted_answers":["a, The","a, the"]}', 'a = lần đầu, the = đã biết.', 1, '2026-04-22 03:56:11', '2026-04-22 03:56:11');
INSERT INTO public.grammar_exercises (id, grammar_point_id, kind, payload, explanation, display_order, created_at, updated_at) VALUES ('019db355-1c8d-700e-8f12-4ad564f0c063', '019db355-1c7b-70e1-b753-ec6176efcd01', 'mcq', '{"prompt":"She suggested ___ to the cinema.","options":["go","to go","going","gone"],"correct_index":2}', 'suggest + V-ing.', 0, '2026-04-22 03:56:32', '2026-04-22 03:56:32');
INSERT INTO public.grammar_exercises (id, grammar_point_id, kind, payload, explanation, display_order, created_at, updated_at) VALUES ('019db355-1c8f-705e-914e-10c0b0138875', '019db355-1c7b-70e1-b753-ec6176efcd01', 'mcq', '{"prompt":"They decided ___ a new house.","options":["buying","buy","to buy","bought"],"correct_index":2}', 'decide + to + V.', 1, '2026-04-22 03:56:32', '2026-04-22 03:56:32');
INSERT INTO public.grammar_exercises (id, grammar_point_id, kind, payload, explanation, display_order, created_at, updated_at) VALUES ('019db355-6f6c-70e6-9533-54d599c1809c', '019db355-6f5a-70d9-97e4-9862ed349b16', 'mcq', '{"prompt":"This exam is ___ than the previous one.","options":["more difficult","most difficult","difficulter","the most difficult"],"correct_index":0}', 'more + tính từ dài để so sánh hơn.', 0, '2026-04-22 03:56:53', '2026-04-22 03:56:53');
INSERT INTO public.grammar_exercises (id, grammar_point_id, kind, payload, explanation, display_order, created_at, updated_at) VALUES ('019db355-6f6d-721e-9399-839a42e45c85', '019db355-6f5a-70d9-97e4-9862ed349b16', 'fill_blank', '{"template":"She runs as ___ (fast) as her brother.","accepted_answers":["fast"]}', 'as + adj + as = so sánh bằng.', 1, '2026-04-22 03:56:53', '2026-04-22 03:56:53');
INSERT INTO public.grammar_exercises (id, grammar_point_id, kind, payload, explanation, display_order, created_at, updated_at) VALUES ('019db355-e3b7-70be-8d50-afc92c9dd73f', '019db355-e3a3-71d2-94a3-37f86d562d3c', 'mcq', '{"prompt":"___ the high cost, many people still buy electric cars.","options":["Although","Despite","However","Therefore"],"correct_index":1}', 'Despite + noun phrase.', 0, '2026-04-22 03:57:23', '2026-04-22 03:57:23');
INSERT INTO public.grammar_exercises (id, grammar_point_id, kind, payload, explanation, display_order, created_at, updated_at) VALUES ('019db355-e3b9-73a2-9a99-210ec8faa19b', '019db355-e3a3-71d2-94a3-37f86d562d3c', 'mcq', '{"prompt":"The company lost money. ___, it continued to expand.","options":["Therefore","Furthermore","Nevertheless","Although"],"correct_index":2}', 'Nevertheless = tuy nhiên, dùng đầu câu.', 1, '2026-04-22 03:57:23', '2026-04-22 03:57:23');


--
-- Data for Name: grammar_point_levels; Type: TABLE DATA; Schema: public; Owner: -
--

INSERT INTO public.grammar_point_levels (grammar_point_id, level) VALUES ('019da080-5431-70ff-879a-291264d520f9', 'B1');
INSERT INTO public.grammar_point_levels (grammar_point_id, level) VALUES ('019da080-5431-70ff-879a-291264d520f9', 'B2');
INSERT INTO public.grammar_point_levels (grammar_point_id, level) VALUES ('019db352-e5e8-71cb-b823-fb7267deae77', 'B1');
INSERT INTO public.grammar_point_levels (grammar_point_id, level) VALUES ('019db352-e5e8-71cb-b823-fb7267deae77', 'B2');
INSERT INTO public.grammar_point_levels (grammar_point_id, level) VALUES ('019db353-4972-712f-a59a-65ee965fdbad', 'B1');
INSERT INTO public.grammar_point_levels (grammar_point_id, level) VALUES ('019db353-4972-712f-a59a-65ee965fdbad', 'B2');
INSERT INTO public.grammar_point_levels (grammar_point_id, level) VALUES ('019db353-4972-712f-a59a-65ee965fdbad', 'C1');
INSERT INTO public.grammar_point_levels (grammar_point_id, level) VALUES ('019db353-9503-70c9-aa6b-e66b5d472234', 'B1');
INSERT INTO public.grammar_point_levels (grammar_point_id, level) VALUES ('019db353-9503-70c9-aa6b-e66b5d472234', 'B2');
INSERT INTO public.grammar_point_levels (grammar_point_id, level) VALUES ('019db353-ded2-7348-8607-6426d410f8c3', 'B1');
INSERT INTO public.grammar_point_levels (grammar_point_id, level) VALUES ('019db353-ded2-7348-8607-6426d410f8c3', 'B2');
INSERT INTO public.grammar_point_levels (grammar_point_id, level) VALUES ('019db354-6281-712e-b01a-c37789241547', 'B1');
INSERT INTO public.grammar_point_levels (grammar_point_id, level) VALUES ('019db354-6281-712e-b01a-c37789241547', 'B2');
INSERT INTO public.grammar_point_levels (grammar_point_id, level) VALUES ('019db354-cb0a-70e6-997d-3c9ee87bfcdd', 'B1');
INSERT INTO public.grammar_point_levels (grammar_point_id, level) VALUES ('019db354-cb0a-70e6-997d-3c9ee87bfcdd', 'B2');
INSERT INTO public.grammar_point_levels (grammar_point_id, level) VALUES ('019db355-1c7b-70e1-b753-ec6176efcd01', 'B1');
INSERT INTO public.grammar_point_levels (grammar_point_id, level) VALUES ('019db355-1c7b-70e1-b753-ec6176efcd01', 'B2');
INSERT INTO public.grammar_point_levels (grammar_point_id, level) VALUES ('019db355-6f5a-70d9-97e4-9862ed349b16', 'B1');
INSERT INTO public.grammar_point_levels (grammar_point_id, level) VALUES ('019db355-6f5a-70d9-97e4-9862ed349b16', 'B2');
INSERT INTO public.grammar_point_levels (grammar_point_id, level) VALUES ('019db355-e3a3-71d2-94a3-37f86d562d3c', 'B1');
INSERT INTO public.grammar_point_levels (grammar_point_id, level) VALUES ('019db355-e3a3-71d2-94a3-37f86d562d3c', 'B2');
INSERT INTO public.grammar_point_levels (grammar_point_id, level) VALUES ('019db355-e3a3-71d2-94a3-37f86d562d3c', 'C1');


--
-- Data for Name: grammar_point_tasks; Type: TABLE DATA; Schema: public; Owner: -
--

INSERT INTO public.grammar_point_tasks (grammar_point_id, task) VALUES ('019da080-5431-70ff-879a-291264d520f9', 'WT2');
INSERT INTO public.grammar_point_tasks (grammar_point_id, task) VALUES ('019db352-e5e8-71cb-b823-fb7267deae77', 'WT1');
INSERT INTO public.grammar_point_tasks (grammar_point_id, task) VALUES ('019db352-e5e8-71cb-b823-fb7267deae77', 'WT2');
INSERT INTO public.grammar_point_tasks (grammar_point_id, task) VALUES ('019db353-4972-712f-a59a-65ee965fdbad', 'WT2');
INSERT INTO public.grammar_point_tasks (grammar_point_id, task) VALUES ('019db353-9503-70c9-aa6b-e66b5d472234', 'WT1');
INSERT INTO public.grammar_point_tasks (grammar_point_id, task) VALUES ('019db353-9503-70c9-aa6b-e66b5d472234', 'WT2');
INSERT INTO public.grammar_point_tasks (grammar_point_id, task) VALUES ('019db353-ded2-7348-8607-6426d410f8c3', 'WT1');
INSERT INTO public.grammar_point_tasks (grammar_point_id, task) VALUES ('019db353-ded2-7348-8607-6426d410f8c3', 'WT2');
INSERT INTO public.grammar_point_tasks (grammar_point_id, task) VALUES ('019db354-6281-712e-b01a-c37789241547', 'WT1');
INSERT INTO public.grammar_point_tasks (grammar_point_id, task) VALUES ('019db354-cb0a-70e6-997d-3c9ee87bfcdd', 'WT1');
INSERT INTO public.grammar_point_tasks (grammar_point_id, task) VALUES ('019db354-cb0a-70e6-997d-3c9ee87bfcdd', 'WT2');
INSERT INTO public.grammar_point_tasks (grammar_point_id, task) VALUES ('019db355-1c7b-70e1-b753-ec6176efcd01', 'WT1');
INSERT INTO public.grammar_point_tasks (grammar_point_id, task) VALUES ('019db355-1c7b-70e1-b753-ec6176efcd01', 'WT2');
INSERT INTO public.grammar_point_tasks (grammar_point_id, task) VALUES ('019db355-6f5a-70d9-97e4-9862ed349b16', 'SP1');
INSERT INTO public.grammar_point_tasks (grammar_point_id, task) VALUES ('019db355-6f5a-70d9-97e4-9862ed349b16', 'WT2');
INSERT INTO public.grammar_point_tasks (grammar_point_id, task) VALUES ('019db355-e3a3-71d2-94a3-37f86d562d3c', 'WT1');
INSERT INTO public.grammar_point_tasks (grammar_point_id, task) VALUES ('019db355-e3a3-71d2-94a3-37f86d562d3c', 'WT2');


--
-- Data for Name: grammar_structures; Type: TABLE DATA; Schema: public; Owner: -
--

INSERT INTO public.grammar_structures (id, grammar_point_id, template, description, display_order) VALUES ('019da080-5435-72de-ad04-178ff0f21e8d', '019da080-5431-70ff-879a-291264d520f9', 'S + have/has + V3/ed', 'Cấu trúc cơ bản.', 0);
INSERT INTO public.grammar_structures (id, grammar_point_id, template, description, display_order) VALUES ('019db352-9df9-7388-98bd-0815cc175b9b', '019da080-5431-70ff-879a-291264d520f9', 'S + have/has + not + V3/ed', 'Phủ định', 1);
INSERT INTO public.grammar_structures (id, grammar_point_id, template, description, display_order) VALUES ('019db352-e5f2-72dc-a868-f2e309b7fbba', '019db352-e5e8-71cb-b823-fb7267deae77', 'S + be + V3/ed (+ by + agent)', 'Bị động cơ bản', 0);
INSERT INTO public.grammar_structures (id, grammar_point_id, template, description, display_order) VALUES ('019db352-e5f3-70ac-9ccb-2a8f915b4eb2', '019db352-e5e8-71cb-b823-fb7267deae77', 'S + have/has + been + V3/ed', 'Bị động thì hiện tại hoàn thành', 1);
INSERT INTO public.grammar_structures (id, grammar_point_id, template, description, display_order) VALUES ('019db352-e5f4-7096-bb76-0aeca23df89d', '019db352-e5e8-71cb-b823-fb7267deae77', 'S + will + be + V3/ed', 'Bị động tương lai', 2);
INSERT INTO public.grammar_structures (id, grammar_point_id, template, description, display_order) VALUES ('019db353-497a-71c9-854e-36e968b24e75', '019db353-4972-712f-a59a-65ee965fdbad', 'If + S + V(present), S + will + V', 'Type 1 — điều kiện có thể xảy ra', 0);
INSERT INTO public.grammar_structures (id, grammar_point_id, template, description, display_order) VALUES ('019db353-497b-73ef-b834-7c961537691c', '019db353-4972-712f-a59a-65ee965fdbad', 'If + S + V(past), S + would + V', 'Type 2 — điều kiện giả định', 1);
INSERT INTO public.grammar_structures (id, grammar_point_id, template, description, display_order) VALUES ('019db353-497b-73ef-b834-7c9615b1489a', '019db353-4972-712f-a59a-65ee965fdbad', 'If + S + had + V3, S + would have + V3', 'Type 3 — điều kiện không thể xảy ra', 2);
INSERT INTO public.grammar_structures (id, grammar_point_id, template, description, display_order) VALUES ('019db353-950d-7096-82fa-6e61b31cf088', '019db353-9503-70c9-aa6b-e66b5d472234', 'N + who/that + V (người)', 'Chủ ngữ là người', 0);
INSERT INTO public.grammar_structures (id, grammar_point_id, template, description, display_order) VALUES ('019db353-950e-70df-a876-1734bc05f64c', '019db353-9503-70c9-aa6b-e66b5d472234', 'N + which/that + V (vật)', 'Chủ ngữ là vật', 1);
INSERT INTO public.grammar_structures (id, grammar_point_id, template, description, display_order) VALUES ('019db353-950f-7013-b2e1-1257e072f696', '019db353-9503-70c9-aa6b-e66b5d472234', 'N + whose + N (sở hữu)', 'Sở hữu', 2);
INSERT INTO public.grammar_structures (id, grammar_point_id, template, description, display_order) VALUES ('019db353-dedb-70a3-b388-1bb5820bbe83', '019db353-ded2-7348-8607-6426d410f8c3', 'S + modal + V (bare infinitive)', 'Cấu trúc cơ bản', 0);
INSERT INTO public.grammar_structures (id, grammar_point_id, template, description, display_order) VALUES ('019db353-dedb-70a3-b388-1bb582b8fd4a', '019db353-ded2-7348-8607-6426d410f8c3', 'S + modal + have + V3', 'Suy đoán về quá khứ', 1);
INSERT INTO public.grammar_structures (id, grammar_point_id, template, description, display_order) VALUES ('019db354-6288-73f6-8a4b-962d73515e2b', '019db354-6281-712e-b01a-c37789241547', 'S + said (that) + S + V(past)', 'Tường thuật câu khẳng định', 0);
INSERT INTO public.grammar_structures (id, grammar_point_id, template, description, display_order) VALUES ('019db354-6289-701d-8b05-75c5d34b6628', '019db354-6281-712e-b01a-c37789241547', 'S + asked + O + if/whether + S + V(past)', 'Tường thuật câu hỏi yes/no', 1);
INSERT INTO public.grammar_structures (id, grammar_point_id, template, description, display_order) VALUES ('019db354-cb11-7201-a7e2-66e39637e47a', '019db354-cb0a-70e6-997d-3c9ee87bfcdd', 'a/an + singular countable noun (first mention)', 'Lần đầu nhắc đến', 0);
INSERT INTO public.grammar_structures (id, grammar_point_id, template, description, display_order) VALUES ('019db354-cb12-71ca-baae-911270e41066', '019db354-cb0a-70e6-997d-3c9ee87bfcdd', 'the + noun (specific/unique)', 'Đã xác định hoặc duy nhất', 1);
INSERT INTO public.grammar_structures (id, grammar_point_id, template, description, display_order) VALUES ('019db355-1c83-734c-b977-3fb3f2de36d1', '019db355-1c7b-70e1-b753-ec6176efcd01', 'enjoy/avoid/suggest/consider + V-ing', 'Động từ theo sau bởi gerund', 0);
INSERT INTO public.grammar_structures (id, grammar_point_id, template, description, display_order) VALUES ('019db355-1c84-70c1-b86d-d46af72b90cd', '019db355-1c7b-70e1-b753-ec6176efcd01', 'want/hope/decide/plan + to + V', 'Động từ theo sau bởi infinitive', 1);
INSERT INTO public.grammar_structures (id, grammar_point_id, template, description, display_order) VALUES ('019db355-1c84-70c1-b86d-d46af75608ff', '019db355-1c7b-70e1-b753-ec6176efcd01', 'remember/forget/stop + V-ing vs to V (nghĩa khác nhau)', 'Động từ dùng được cả hai', 2);
INSERT INTO public.grammar_structures (id, grammar_point_id, template, description, display_order) VALUES ('019db355-6f63-7072-bd88-e26a62729b09', '019db355-6f5a-70d9-97e4-9862ed349b16', 'adj-er + than / more + adj + than', 'So sánh hơn', 0);
INSERT INTO public.grammar_structures (id, grammar_point_id, template, description, display_order) VALUES ('019db355-6f64-7111-8503-aec5c308a1fd', '019db355-6f5a-70d9-97e4-9862ed349b16', 'the + adj-est / the most + adj', 'So sánh nhất', 1);
INSERT INTO public.grammar_structures (id, grammar_point_id, template, description, display_order) VALUES ('019db355-6f65-7315-ac31-8d239a71dd30', '019db355-6f5a-70d9-97e4-9862ed349b16', 'as + adj + as', 'So sánh bằng', 2);
INSERT INTO public.grammar_structures (id, grammar_point_id, template, description, display_order) VALUES ('019db355-e3ac-7250-ab97-8221e9f027e7', '019db355-e3a3-71d2-94a3-37f86d562d3c', 'Addition: furthermore, moreover, in addition, besides', 'Thêm ý', 0);
INSERT INTO public.grammar_structures (id, grammar_point_id, template, description, display_order) VALUES ('019db355-e3ac-7250-ab97-8221eabe3324', '019db355-e3a3-71d2-94a3-37f86d562d3c', 'Contrast: however, nevertheless, on the other hand, although', 'Đối lập', 1);
INSERT INTO public.grammar_structures (id, grammar_point_id, template, description, display_order) VALUES ('019db355-e3ad-7028-8ed1-f8bb4d84084b', '019db355-e3a3-71d2-94a3-37f86d562d3c', 'Cause/Effect: therefore, consequently, as a result, thus', 'Nguyên nhân/kết quả', 2);
INSERT INTO public.grammar_structures (id, grammar_point_id, template, description, display_order) VALUES ('019db355-e3ae-71d7-9032-aadfeead9f73', '019db355-e3a3-71d2-94a3-37f86d562d3c', 'Concession: although, even though, despite, in spite of', 'Nhượng bộ', 3);


--
-- Data for Name: grammar_vstep_tips; Type: TABLE DATA; Schema: public; Owner: -
--

INSERT INTO public.grammar_vstep_tips (id, grammar_point_id, task, tip, example, display_order) VALUES ('019da080-5439-724b-832f-6bc58d2cb0b5', '019da080-5431-70ff-879a-291264d520f9', 'WT2', 'Dùng present perfect để nêu kinh nghiệm trong essay.', 'Many students have experienced online learning.', 0);
INSERT INTO public.grammar_vstep_tips (id, grammar_point_id, task, tip, example, display_order) VALUES ('019db352-e5fa-717e-b6d7-46b256302473', '019db352-e5e8-71cb-b823-fb7267deae77', 'WT2', 'Dùng bị động để viết văn học thuật, tránh dùng I quá nhiều.', 'It has been argued that technology improves education.', 0);
INSERT INTO public.grammar_vstep_tips (id, grammar_point_id, task, tip, example, display_order) VALUES ('019db353-4982-70f7-bf95-2fb98e3073ab', '019db353-4972-712f-a59a-65ee965fdbad', 'WT2', 'Dùng type 2 để đề xuất giải pháp giả định trong essay.', 'If governments invested more in education, poverty rates would decrease significantly.', 0);
INSERT INTO public.grammar_vstep_tips (id, grammar_point_id, task, tip, example, display_order) VALUES ('019db353-9515-73f1-88c1-98190211fc4f', '019db353-9503-70c9-aa6b-e66b5d472234', 'WT2', 'Dùng relative clauses để viết câu phức tạp hơn, tránh lặp từ.', 'Technology, which has transformed education, offers new learning opportunities.', 0);
INSERT INTO public.grammar_vstep_tips (id, grammar_point_id, task, tip, example, display_order) VALUES ('019db353-dee3-7152-9630-17708e2223de', '019db353-ded2-7348-8607-6426d410f8c3', 'WT2', 'Dùng should/could/might để đề xuất giải pháp trong essay.', 'Governments should invest more in public transport to reduce congestion.', 0);
INSERT INTO public.grammar_vstep_tips (id, grammar_point_id, task, tip, example, display_order) VALUES ('019db354-628f-700a-bb18-9e21f2686bca', '019db354-6281-712e-b01a-c37789241547', 'WT1', 'Dùng reported speech khi viết thư tường thuật lại cuộc trò chuyện.', 'My friend told me that the event had been cancelled.', 0);
INSERT INTO public.grammar_vstep_tips (id, grammar_point_id, task, tip, example, display_order) VALUES ('019db354-cb19-7025-8e87-e8eb8e222f4c', '019db354-cb0a-70e6-997d-3c9ee87bfcdd', 'WT2', 'Dùng the khi nhắc lại khái niệm đã giới thiệu trong đoạn trước.', 'Technology has changed education. The impact of technology is undeniable.', 0);
INSERT INTO public.grammar_vstep_tips (id, grammar_point_id, task, tip, example, display_order) VALUES ('019db355-1c8c-700f-849f-f4acae139bc6', '019db355-1c7b-70e1-b753-ec6176efcd01', 'WT2', 'Dùng gerund sau preposition để viết câu đa dạng hơn.', 'By investing in education, governments can reduce poverty.', 0);
INSERT INTO public.grammar_vstep_tips (id, grammar_point_id, task, tip, example, display_order) VALUES ('019db355-6f6b-7119-b464-57f0694fdf32', '019db355-6f5a-70d9-97e4-9862ed349b16', 'WT2', 'Dùng comparative để so sánh hai quan điểm trong essay.', 'Online learning is more flexible than traditional classroom learning.', 0);
INSERT INTO public.grammar_vstep_tips (id, grammar_point_id, task, tip, example, display_order) VALUES ('019db355-e3b5-72fd-bf4f-f878006547a3', '019db355-e3a3-71d2-94a3-37f86d562d3c', 'WT2', 'Dùng đa dạng linking words để tăng điểm coherence trong essay.', 'Furthermore, governments should invest in renewable energy. Nevertheless, this requires significant funding.', 0);


--
-- Data for Name: vocab_topics; Type: TABLE DATA; Schema: public; Owner: -
--

INSERT INTO public.vocab_topics (id, slug, name, description, level, icon_key, display_order, is_published, created_at, updated_at) VALUES ('019da080-5429-7083-9f58-928b980c3575', 'family-life', 'Gia đình & Cuộc sống', 'Từ vựng về gia đình, mối quan hệ, cuộc sống hằng ngày.', 'B1', 'family', 1, true, '2026-04-18 12:10:57', '2026-04-18 12:10:57');
INSERT INTO public.vocab_topics (id, slug, name, description, level, icon_key, display_order, is_published, created_at, updated_at) VALUES ('019db158-edfe-7125-99d8-44a30e29b83b', 'ipsam-numquam-aQjt', 'Ipsam numquam', 'Quia nihil quibusdam veritatis iste error consequatur et qui.', 'C1', 'heart', 0, true, '2026-04-21 18:41:28', '2026-04-21 18:41:28');
INSERT INTO public.vocab_topics (id, slug, name, description, level, icon_key, display_order, is_published, created_at, updated_at) VALUES ('019db34f-7b9c-7346-a081-e041855828cf', 'education-learning', 'Education & Learning', 'Từ vựng về giáo dục, học tập.', 'B1', 'education', 1, true, '2026-04-22 03:50:23', '2026-04-22 03:50:23');
INSERT INTO public.vocab_topics (id, slug, name, description, level, icon_key, display_order, is_published, created_at, updated_at) VALUES ('019db34f-d3a2-72d3-a223-143ad5b7fb4a', 'environment-nature', 'Environment & Nature', 'Từ vựng về môi trường, thiên nhiên.', 'B2', 'environment', 2, true, '2026-04-22 03:50:46', '2026-04-22 03:50:46');
INSERT INTO public.vocab_topics (id, slug, name, description, level, icon_key, display_order, is_published, created_at, updated_at) VALUES ('019db350-1e6f-726e-821a-45c3610c3955', 'health-medicine', 'Health & Medicine', 'Từ vựng về sức khỏe, y tế.', 'B1', 'health', 3, true, '2026-04-22 03:51:05', '2026-04-22 03:51:05');
INSERT INTO public.vocab_topics (id, slug, name, description, level, icon_key, display_order, is_published, created_at, updated_at) VALUES ('019db350-6b16-7346-bc99-52c6854a3028', 'technology-innovation', 'Technology & Innovation', 'Từ vựng về công nghệ, đổi mới.', 'B2', 'technology', 4, true, '2026-04-22 03:51:25', '2026-04-22 03:51:25');
INSERT INTO public.vocab_topics (id, slug, name, description, level, icon_key, display_order, is_published, created_at, updated_at) VALUES ('019db350-bfd0-7174-b28a-9ff63d10f513', 'work-career', 'Work & Career', 'Từ vựng về công việc, nghề nghiệp.', 'B1', 'work', 5, true, '2026-04-22 03:51:46', '2026-04-22 03:51:46');
INSERT INTO public.vocab_topics (id, slug, name, description, level, icon_key, display_order, is_published, created_at, updated_at) VALUES ('019db351-2083-71dd-ae84-09fa3916e4cb', 'society-community', 'Society & Community', 'Từ vựng về xã hội, cộng đồng.', 'B2', 'society', 6, true, '2026-04-22 03:52:11', '2026-04-22 03:52:11');
INSERT INTO public.vocab_topics (id, slug, name, description, level, icon_key, display_order, is_published, created_at, updated_at) VALUES ('019db351-6e23-726c-8870-d8e910642d4e', 'travel-tourism', 'Travel & Tourism', 'Từ vựng về du lịch, đi lại.', 'B1', 'travel', 7, true, '2026-04-22 03:52:31', '2026-04-22 03:52:31');
INSERT INTO public.vocab_topics (id, slug, name, description, level, icon_key, display_order, is_published, created_at, updated_at) VALUES ('019db351-b839-72ed-8996-23109dcf7e4f', 'economy-business', 'Economy & Business', 'Từ vựng về kinh tế, kinh doanh.', 'B2', 'economy', 8, true, '2026-04-22 03:52:50', '2026-04-22 03:52:50');
INSERT INTO public.vocab_topics (id, slug, name, description, level, icon_key, display_order, is_published, created_at, updated_at) VALUES ('019db352-0181-7199-9b4a-df655a6db623', 'culture-arts', 'Culture & Arts', 'Từ vựng về văn hóa, nghệ thuật.', 'B1', 'culture', 9, true, '2026-04-22 03:53:09', '2026-04-22 03:53:09');
INSERT INTO public.vocab_topics (id, slug, name, description, level, icon_key, display_order, is_published, created_at, updated_at) VALUES ('019db352-52cf-7063-b2ad-697f2231d0df', 'urban-rural-life', 'Urban & Rural Life', 'Từ vựng về cuộc sống đô thị và nông thôn.', 'B1', 'city', 10, true, '2026-04-22 03:53:30', '2026-04-22 03:53:30');


--
-- Data for Name: vocab_exercises; Type: TABLE DATA; Schema: public; Owner: -
--

INSERT INTO public.vocab_exercises (id, topic_id, kind, payload, explanation, display_order, created_at, updated_at) VALUES ('019da080-5430-72ea-b114-14268cd09880', '019da080-5429-7083-9f58-928b980c3575', 'mcq', '{"prompt":"A brother or sister is called a ___","options":["relative","sibling","cousin","partner"],"correct_index":1}', 'Sibling = anh chị em ruột.', 0, '2026-04-18 12:10:57', '2026-04-18 12:10:57');
INSERT INTO public.vocab_exercises (id, topic_id, kind, payload, explanation, display_order, created_at, updated_at) VALUES ('019da080-5430-72ea-b114-14268d5f2d02', '019da080-5429-7083-9f58-928b980c3575', 'fill_blank', '{"sentence":"Parents ___ their children with love.","accepted_answers":["nurture"]}', 'Nurture = nuôi dưỡng.', 1, '2026-04-18 12:10:57', '2026-04-18 12:10:57');
INSERT INTO public.vocab_exercises (id, topic_id, kind, payload, explanation, display_order, created_at, updated_at) VALUES ('019db34f-7bb5-7114-afde-f0727a8335cf', '019db34f-7b9c-7346-a081-e041855828cf', 'mcq', '{"prompt":"The set of subjects taught at a school is called the ___.","options":["schedule","curriculum","timetable","syllabus"],"correct_index":1}', 'Curriculum = chương trình học tổng thể.', 0, '2026-04-22 03:50:23', '2026-04-22 03:50:23');
INSERT INTO public.vocab_exercises (id, topic_id, kind, payload, explanation, display_order, created_at, updated_at) VALUES ('019db34f-7bbd-72f4-86da-56dffc10aab5', '019db34f-7b9c-7346-a081-e041855828cf', 'fill_blank', '{"sentence":"Attendance at school is ___ for children aged 6-15.","accepted_answers":["compulsory","mandatory"]}', 'Compulsory = bắt buộc theo luật.', 1, '2026-04-22 03:50:23', '2026-04-22 03:50:23');
INSERT INTO public.vocab_exercises (id, topic_id, kind, payload, explanation, display_order, created_at, updated_at) VALUES ('019db34f-d3b4-709a-b044-78d883492bb8', '019db34f-d3a2-72d3-a223-143ad5b7fb4a', 'mcq', '{"prompt":"The cutting down of large areas of forest is called ___.","options":["erosion","deforestation","contamination","drought"],"correct_index":1}', 'Deforestation = phá rừng quy mô lớn.', 0, '2026-04-22 03:50:46', '2026-04-22 03:50:46');
INSERT INTO public.vocab_exercises (id, topic_id, kind, payload, explanation, display_order, created_at, updated_at) VALUES ('019db34f-d3b5-72e9-8b47-65f566cde25c', '019db34f-d3a2-72d3-a223-143ad5b7fb4a', 'fill_blank', '{"sentence":"Solar and wind power are examples of ___ energy.","accepted_answers":["renewable","sustainable"]}', 'Renewable energy = năng lượng tái tạo.', 1, '2026-04-22 03:50:46', '2026-04-22 03:50:46');
INSERT INTO public.vocab_exercises (id, topic_id, kind, payload, explanation, display_order, created_at, updated_at) VALUES ('019db350-1e83-736b-90d7-e6d735950a6f', '019db350-1e6f-726e-821a-45c3610c3955', 'mcq', '{"prompt":"A ___ is a sign that shows you may have an illness.","options":["cure","symptom","surgery","prescription"],"correct_index":1}', 'Symptom = triệu chứng bệnh.', 0, '2026-04-22 03:51:05', '2026-04-22 03:51:05');
INSERT INTO public.vocab_exercises (id, topic_id, kind, payload, explanation, display_order, created_at, updated_at) VALUES ('019db350-1e84-738d-9beb-6d9aea8ba028', '019db350-1e6f-726e-821a-45c3610c3955', 'fill_blank', '{"sentence":"Vaccines help build ___ against diseases.","accepted_answers":["immunity","resistance"]}', 'Immunity = khả năng miễn dịch.', 1, '2026-04-22 03:51:05', '2026-04-22 03:51:05');
INSERT INTO public.vocab_exercises (id, topic_id, kind, payload, explanation, display_order, created_at, updated_at) VALUES ('019db350-6b25-72f4-a79d-e9294bc2c775', '019db350-6b16-7346-bc99-52c6854a3028', 'mcq', '{"prompt":"The use of machines to do work automatically is called ___.","options":["innovation","algorithm","automation","disruption"],"correct_index":2}', 'Automation = tự động hóa bằng máy móc.', 0, '2026-04-22 03:51:25', '2026-04-22 03:51:25');
INSERT INTO public.vocab_exercises (id, topic_id, kind, payload, explanation, display_order, created_at, updated_at) VALUES ('019db350-6b26-705d-8613-0076fcdfb35c', '019db350-6b16-7346-bc99-52c6854a3028', 'fill_blank', '{"sentence":"The company developed a ___ before launching the final product.","accepted_answers":["prototype","model"]}', 'Prototype = nguyên mẫu thử nghiệm.', 1, '2026-04-22 03:51:25', '2026-04-22 03:51:25');
INSERT INTO public.vocab_exercises (id, topic_id, kind, payload, explanation, display_order, created_at, updated_at) VALUES ('019db350-bfdf-7093-bbfc-f9ac79d3fae4', '019db350-bfd0-7174-b28a-9ff63d10f513', 'mcq', '{"prompt":"A person who starts their own business is called an ___.","options":["employee","entrepreneur","intern","colleague"],"correct_index":1}', 'Entrepreneur = người khởi nghiệp.', 0, '2026-04-22 03:51:46', '2026-04-22 03:51:46');
INSERT INTO public.vocab_exercises (id, topic_id, kind, payload, explanation, display_order, created_at, updated_at) VALUES ('019db350-bfe0-71d9-be83-6cf8173d1055', '019db350-bfd0-7174-b28a-9ff63d10f513', 'fill_blank', '{"sentence":"She ___ a better salary before accepting the job offer.","accepted_answers":["negotiated","discussed"]}', 'Negotiate = đàm phán điều kiện.', 1, '2026-04-22 03:51:46', '2026-04-22 03:51:46');
INSERT INTO public.vocab_exercises (id, topic_id, kind, payload, explanation, display_order, created_at, updated_at) VALUES ('019db351-2093-720f-8fcd-2d96d9d29197', '019db351-2083-71dd-ae84-09fa3916e4cb', 'mcq', '{"prompt":"Treating people unfairly because of their race is called ___.","options":["integration","tolerance","discrimination","welfare"],"correct_index":2}', 'Discrimination = phân biệt đối xử.', 0, '2026-04-22 03:52:11', '2026-04-22 03:52:11');
INSERT INTO public.vocab_exercises (id, topic_id, kind, payload, explanation, display_order, created_at, updated_at) VALUES ('019db351-2094-7264-bef7-6bf7cf49b536', '019db351-2083-71dd-ae84-09fa3916e4cb', 'fill_blank', '{"sentence":"The government introduced programs to reduce ___ among low-income families.","accepted_answers":["poverty","inequality"]}', 'Poverty = tình trạng nghèo đói.', 1, '2026-04-22 03:52:11', '2026-04-22 03:52:11');
INSERT INTO public.vocab_exercises (id, topic_id, kind, payload, explanation, display_order, created_at, updated_at) VALUES ('019db351-6e34-72ca-b1c8-1e3a38beb641', '019db351-6e23-726c-8870-d8e910642d4e', 'mcq', '{"prompt":"A plan showing the places you will visit on a trip is called an ___.","options":["accommodation","itinerary","reservation","excursion"],"correct_index":1}', 'Itinerary = lịch trình chi tiết chuyến đi.', 0, '2026-04-22 03:52:31', '2026-04-22 03:52:31');
INSERT INTO public.vocab_exercises (id, topic_id, kind, payload, explanation, display_order, created_at, updated_at) VALUES ('019db351-6e35-7312-9312-01fa5ba3734d', '019db351-6e23-726c-8870-d8e910642d4e', 'fill_blank', '{"sentence":"All passengers must go through ___ before collecting their luggage.","accepted_answers":["customs","immigration"]}', 'Customs = hải quan kiểm tra hàng hóa.', 1, '2026-04-22 03:52:31', '2026-04-22 03:52:31');
INSERT INTO public.vocab_exercises (id, topic_id, kind, payload, explanation, display_order, created_at, updated_at) VALUES ('019db351-b848-72db-9408-7629b67829f5', '019db351-b839-72ed-8996-23109dcf7e4f', 'mcq', '{"prompt":"A general rise in prices over time is called ___.","options":["recession","deficit","inflation","subsidy"],"correct_index":2}', 'Inflation = lạm phát.', 0, '2026-04-22 03:52:50', '2026-04-22 03:52:50');
INSERT INTO public.vocab_exercises (id, topic_id, kind, payload, explanation, display_order, created_at, updated_at) VALUES ('019db351-b849-7083-b1f0-9039c0089140', '019db351-b839-72ed-8996-23109dcf7e4f', 'fill_blank', '{"sentence":"The government provides ___ to help farmers cover their costs.","accepted_answers":["subsidies","grants","support"]}', 'Subsidy = trợ cấp tài chính từ nhà nước.', 1, '2026-04-22 03:52:50', '2026-04-22 03:52:50');
INSERT INTO public.vocab_exercises (id, topic_id, kind, payload, explanation, display_order, created_at, updated_at) VALUES ('019db352-0195-7032-a388-d62f8325e7ad', '019db352-0181-7199-9b4a-df655a6db623', 'mcq', '{"prompt":"Things passed down from previous generations are called ___.","options":["folklore","heritage","sculpture","manuscript"],"correct_index":1}', 'Heritage = di sản văn hóa từ thế hệ trước.', 0, '2026-04-22 03:53:09', '2026-04-22 03:53:09');
INSERT INTO public.vocab_exercises (id, topic_id, kind, payload, explanation, display_order, created_at, updated_at) VALUES ('019db352-0196-73f0-8556-747407b32d95', '019db352-0181-7199-9b4a-df655a6db623', 'fill_blank', '{"sentence":"The museum held an ___ of modern Vietnamese paintings.","accepted_answers":["exhibition","exhibit","show"]}', 'Exhibition = triển lãm nghệ thuật.', 1, '2026-04-22 03:53:09', '2026-04-22 03:53:09');
INSERT INTO public.vocab_exercises (id, topic_id, kind, payload, explanation, display_order, created_at, updated_at) VALUES ('019db352-52e3-71f2-af26-0b715028db88', '019db352-52cf-7063-b2ad-697f2231d0df', 'mcq', '{"prompt":"The process of more people moving to cities is called ___.","options":["gentrification","commute","urbanization","migration"],"correct_index":2}', 'Urbanization = quá trình đô thị hóa.', 0, '2026-04-22 03:53:30', '2026-04-22 03:53:30');
INSERT INTO public.vocab_exercises (id, topic_id, kind, payload, explanation, display_order, created_at, updated_at) VALUES ('019db352-52e4-7036-9174-542eaec55a2e', '019db352-52cf-7063-b2ad-697f2231d0df', 'fill_blank', '{"sentence":"Heavy traffic ___ makes it difficult to drive in the city center.","accepted_answers":["congestion","traffic"]}', 'Congestion = tắc nghẽn giao thông.', 1, '2026-04-22 03:53:30', '2026-04-22 03:53:30');


--
-- Data for Name: vocab_topic_tasks; Type: TABLE DATA; Schema: public; Owner: -
--

INSERT INTO public.vocab_topic_tasks (topic_id, task) VALUES ('019da080-5429-7083-9f58-928b980c3575', 'SP1');
INSERT INTO public.vocab_topic_tasks (topic_id, task) VALUES ('019da080-5429-7083-9f58-928b980c3575', 'WT1');
INSERT INTO public.vocab_topic_tasks (topic_id, task) VALUES ('019db34f-7b9c-7346-a081-e041855828cf', 'SP1');
INSERT INTO public.vocab_topic_tasks (topic_id, task) VALUES ('019db34f-7b9c-7346-a081-e041855828cf', 'WT1');
INSERT INTO public.vocab_topic_tasks (topic_id, task) VALUES ('019db34f-d3a2-72d3-a223-143ad5b7fb4a', 'SP2');
INSERT INTO public.vocab_topic_tasks (topic_id, task) VALUES ('019db34f-d3a2-72d3-a223-143ad5b7fb4a', 'WT2');
INSERT INTO public.vocab_topic_tasks (topic_id, task) VALUES ('019db350-1e6f-726e-821a-45c3610c3955', 'SP1');
INSERT INTO public.vocab_topic_tasks (topic_id, task) VALUES ('019db350-1e6f-726e-821a-45c3610c3955', 'WT1');
INSERT INTO public.vocab_topic_tasks (topic_id, task) VALUES ('019db350-6b16-7346-bc99-52c6854a3028', 'SP2');
INSERT INTO public.vocab_topic_tasks (topic_id, task) VALUES ('019db350-6b16-7346-bc99-52c6854a3028', 'WT2');
INSERT INTO public.vocab_topic_tasks (topic_id, task) VALUES ('019db350-bfd0-7174-b28a-9ff63d10f513', 'SP1');
INSERT INTO public.vocab_topic_tasks (topic_id, task) VALUES ('019db350-bfd0-7174-b28a-9ff63d10f513', 'WT1');
INSERT INTO public.vocab_topic_tasks (topic_id, task) VALUES ('019db351-2083-71dd-ae84-09fa3916e4cb', 'SP2');
INSERT INTO public.vocab_topic_tasks (topic_id, task) VALUES ('019db351-2083-71dd-ae84-09fa3916e4cb', 'WT2');
INSERT INTO public.vocab_topic_tasks (topic_id, task) VALUES ('019db351-6e23-726c-8870-d8e910642d4e', 'SP1');
INSERT INTO public.vocab_topic_tasks (topic_id, task) VALUES ('019db351-6e23-726c-8870-d8e910642d4e', 'WT1');
INSERT INTO public.vocab_topic_tasks (topic_id, task) VALUES ('019db351-b839-72ed-8996-23109dcf7e4f', 'SP2');
INSERT INTO public.vocab_topic_tasks (topic_id, task) VALUES ('019db351-b839-72ed-8996-23109dcf7e4f', 'WT2');
INSERT INTO public.vocab_topic_tasks (topic_id, task) VALUES ('019db352-0181-7199-9b4a-df655a6db623', 'SP1');
INSERT INTO public.vocab_topic_tasks (topic_id, task) VALUES ('019db352-0181-7199-9b4a-df655a6db623', 'SP3');
INSERT INTO public.vocab_topic_tasks (topic_id, task) VALUES ('019db352-52cf-7063-b2ad-697f2231d0df', 'SP1');
INSERT INTO public.vocab_topic_tasks (topic_id, task) VALUES ('019db352-52cf-7063-b2ad-697f2231d0df', 'WT1');


--
-- Data for Name: vocab_words; Type: TABLE DATA; Schema: public; Owner: -
--

INSERT INTO public.vocab_words (id, topic_id, word, phonetic, part_of_speech, definition, example, synonyms, collocations, word_family, vstep_tip, display_order, created_at, updated_at) VALUES ('019da080-542c-73dd-876a-d6130d1c5875', '019da080-5429-7083-9f58-928b980c3575', 'sibling', '/ˈsɪb.lɪŋ/', 'noun', 'Anh chị em ruột', 'I have two siblings.', '[]', '[]', '[]', NULL, 0, '2026-04-18 12:10:57', '2026-04-18 12:10:57');
INSERT INTO public.vocab_words (id, topic_id, word, phonetic, part_of_speech, definition, example, synonyms, collocations, word_family, vstep_tip, display_order, created_at, updated_at) VALUES ('019da080-542d-72f7-9c75-db3a58c72c87', '019da080-5429-7083-9f58-928b980c3575', 'household', '/ˈhaʊs.hoʊld/', 'noun', 'Hộ gia đình', 'Our household has five members.', '[]', '[]', '[]', NULL, 1, '2026-04-18 12:10:57', '2026-04-18 12:10:57');
INSERT INTO public.vocab_words (id, topic_id, word, phonetic, part_of_speech, definition, example, synonyms, collocations, word_family, vstep_tip, display_order, created_at, updated_at) VALUES ('019da080-542d-72f7-9c75-db3a58c8e8c6', '019da080-5429-7083-9f58-928b980c3575', 'nurture', '/ˈnɜːr.tʃər/', 'verb', 'Nuôi dưỡng', 'Parents nurture their children.', '[]', '[]', '[]', NULL, 2, '2026-04-18 12:10:57', '2026-04-18 12:10:57');
INSERT INTO public.vocab_words (id, topic_id, word, phonetic, part_of_speech, definition, example, synonyms, collocations, word_family, vstep_tip, display_order, created_at, updated_at) VALUES ('019da080-542e-7201-89ce-de8042ccae57', '019da080-5429-7083-9f58-928b980c3575', 'bond', '/bɑːnd/', 'noun', 'Mối gắn kết', 'Family bonds are important.', '[]', '[]', '[]', NULL, 3, '2026-04-18 12:10:57', '2026-04-18 12:10:57');
INSERT INTO public.vocab_words (id, topic_id, word, phonetic, part_of_speech, definition, example, synonyms, collocations, word_family, vstep_tip, display_order, created_at, updated_at) VALUES ('019da080-542f-7099-9cf6-2e7621285849', '019da080-5429-7083-9f58-928b980c3575', 'upbringing', '/ˈʌp.brɪŋ.ɪŋ/', 'noun', 'Sự nuôi dạy', 'Her upbringing was strict.', '[]', '[]', '[]', NULL, 4, '2026-04-18 12:10:57', '2026-04-18 12:10:57');
INSERT INTO public.vocab_words (id, topic_id, word, phonetic, part_of_speech, definition, example, synonyms, collocations, word_family, vstep_tip, display_order, created_at, updated_at) VALUES ('019db158-ee00-71cc-8516-1bc2aca30727', '019db158-edfe-7125-99d8-44a30e29b83b', 'possimus', '/svus/', 'adverb', 'Tenetur provident excepturi quas.', 'Ducimus eos et praesentium hic quas perspiciatis.', '[]', '[]', '[]', NULL, 0, '2026-04-21 18:41:28', '2026-04-21 18:41:28');
INSERT INTO public.vocab_words (id, topic_id, word, phonetic, part_of_speech, definition, example, synonyms, collocations, word_family, vstep_tip, display_order, created_at, updated_at) VALUES ('019db34f-7ba9-717e-9881-ec6f0d43142d', '019db34f-7b9c-7346-a081-e041855828cf', 'curriculum', '/kəˈrɪk.jʊ.ləm/', 'noun', 'Chương trình học', 'The school updated its curriculum.', '["syllabus","program"]', '["national curriculum","school curriculum"]', '[]', NULL, 0, '2026-04-22 03:50:23', '2026-04-22 03:50:23');
INSERT INTO public.vocab_words (id, topic_id, word, phonetic, part_of_speech, definition, example, synonyms, collocations, word_family, vstep_tip, display_order, created_at, updated_at) VALUES ('019db34f-7bab-717a-8bdf-b1cc33182424', '019db34f-7b9c-7346-a081-e041855828cf', 'scholarship', '/ˈskɒl.ə.ʃɪp/', 'noun', 'Học bổng', 'She won a scholarship to study abroad.', '["grant","bursary"]', '["full scholarship","merit scholarship"]', '[]', NULL, 1, '2026-04-22 03:50:23', '2026-04-22 03:50:23');
INSERT INTO public.vocab_words (id, topic_id, word, phonetic, part_of_speech, definition, example, synonyms, collocations, word_family, vstep_tip, display_order, created_at, updated_at) VALUES ('019db34f-7bac-7304-b782-b9fb3378d909', '019db34f-7b9c-7346-a081-e041855828cf', 'compulsory', '/kəmˈpʌl.sər.i/', 'adjective', 'Bắt buộc', 'Education is compulsory until age 16.', '["mandatory","obligatory"]', '["compulsory education","compulsory subject"]', '[]', NULL, 2, '2026-04-22 03:50:23', '2026-04-22 03:50:23');
INSERT INTO public.vocab_words (id, topic_id, word, phonetic, part_of_speech, definition, example, synonyms, collocations, word_family, vstep_tip, display_order, created_at, updated_at) VALUES ('019db34f-7bad-7099-a24b-5e5d819f0299', '019db34f-7b9c-7346-a081-e041855828cf', 'literacy', '/ˈlɪt.ər.ə.si/', 'noun', 'Khả năng đọc viết', 'Literacy rates have improved.', '["reading ability"]', '["literacy rate","digital literacy"]', '[]', NULL, 3, '2026-04-22 03:50:23', '2026-04-22 03:50:23');
INSERT INTO public.vocab_words (id, topic_id, word, phonetic, part_of_speech, definition, example, synonyms, collocations, word_family, vstep_tip, display_order, created_at, updated_at) VALUES ('019db34f-7bae-7182-9d4f-5e24fc626f8c', '019db34f-7b9c-7346-a081-e041855828cf', 'tuition', '/tjuːˈɪʃ.ən/', 'noun', 'Học phí', 'Tuition fees are rising every year.', '["fees","coaching"]', '["tuition fee","private tuition"]', '[]', NULL, 4, '2026-04-22 03:50:23', '2026-04-22 03:50:23');
INSERT INTO public.vocab_words (id, topic_id, word, phonetic, part_of_speech, definition, example, synonyms, collocations, word_family, vstep_tip, display_order, created_at, updated_at) VALUES ('019db34f-7baf-727b-a5fb-5e164185522c', '019db34f-7b9c-7346-a081-e041855828cf', 'enroll', '/ɪnˈrəʊl/', 'verb', 'Đăng ký học', 'She enrolled in a language course.', '["register","sign up"]', '["enroll in","enroll at"]', '[]', NULL, 5, '2026-04-22 03:50:23', '2026-04-22 03:50:23');
INSERT INTO public.vocab_words (id, topic_id, word, phonetic, part_of_speech, definition, example, synonyms, collocations, word_family, vstep_tip, display_order, created_at, updated_at) VALUES ('019db34f-7bb0-73a2-a04d-2b2ee8819c52', '019db34f-7b9c-7346-a081-e041855828cf', 'graduate', '/ˈɡræd.ju.ɪt/', 'noun/verb', 'Tốt nghiệp', 'He graduated with honors.', '["complete","finish"]', '["graduate from","graduate degree"]', '[]', NULL, 6, '2026-04-22 03:50:23', '2026-04-22 03:50:23');
INSERT INTO public.vocab_words (id, topic_id, word, phonetic, part_of_speech, definition, example, synonyms, collocations, word_family, vstep_tip, display_order, created_at, updated_at) VALUES ('019db34f-7bb1-721d-9d5d-30dd77bee52c', '019db34f-7b9c-7346-a081-e041855828cf', 'assessment', '/əˈses.mənt/', 'noun', 'Đánh giá', 'Continuous assessment replaces exams.', '["evaluation","appraisal"]', '["continuous assessment","self-assessment"]', '[]', NULL, 7, '2026-04-22 03:50:23', '2026-04-22 03:50:23');
INSERT INTO public.vocab_words (id, topic_id, word, phonetic, part_of_speech, definition, example, synonyms, collocations, word_family, vstep_tip, display_order, created_at, updated_at) VALUES ('019db34f-7bb2-7203-918a-a46dd53b809b', '019db34f-7b9c-7346-a081-e041855828cf', 'discipline', '/ˈdɪs.ɪ.plɪn/', 'noun', 'Kỷ luật / môn học', 'Academic discipline is essential.', '["subject","control"]', '["academic discipline","self-discipline"]', '[]', NULL, 8, '2026-04-22 03:50:23', '2026-04-22 03:50:23');
INSERT INTO public.vocab_words (id, topic_id, word, phonetic, part_of_speech, definition, example, synonyms, collocations, word_family, vstep_tip, display_order, created_at, updated_at) VALUES ('019db34f-7bb2-7203-918a-a46dd5851d10', '019db34f-7b9c-7346-a081-e041855828cf', 'extracurricular', '/ˌek.strə.kəˈrɪk.jʊ.lər/', 'adjective', 'Ngoại khóa', 'She joined extracurricular activities.', '["after-school","optional"]', '["extracurricular activities","extracurricular program"]', '[]', NULL, 9, '2026-04-22 03:50:23', '2026-04-22 03:50:23');
INSERT INTO public.vocab_words (id, topic_id, word, phonetic, part_of_speech, definition, example, synonyms, collocations, word_family, vstep_tip, display_order, created_at, updated_at) VALUES ('019db34f-d3aa-7120-bdd5-e5a4916af367', '019db34f-d3a2-72d3-a223-143ad5b7fb4a', 'deforestation', '/diːˌfɒr.ɪˈsteɪ.ʃən/', 'noun', 'Nạn phá rừng', 'Deforestation threatens biodiversity.', '["forest clearance"]', '["tropical deforestation","prevent deforestation"]', '[]', NULL, 0, '2026-04-22 03:50:46', '2026-04-22 03:50:46');
INSERT INTO public.vocab_words (id, topic_id, word, phonetic, part_of_speech, definition, example, synonyms, collocations, word_family, vstep_tip, display_order, created_at, updated_at) VALUES ('019db34f-d3ab-7259-96b0-ceba455cd002', '019db34f-d3a2-72d3-a223-143ad5b7fb4a', 'biodiversity', '/ˌbaɪ.əʊ.daɪˈvɜː.sɪ.ti/', 'noun', 'Đa dạng sinh học', 'Rainforests support rich biodiversity.', '["ecological variety"]', '["protect biodiversity","loss of biodiversity"]', '[]', NULL, 1, '2026-04-22 03:50:46', '2026-04-22 03:50:46');
INSERT INTO public.vocab_words (id, topic_id, word, phonetic, part_of_speech, definition, example, synonyms, collocations, word_family, vstep_tip, display_order, created_at, updated_at) VALUES ('019db34f-d3ac-70fb-822f-a4f2e7487bc4', '019db34f-d3a2-72d3-a223-143ad5b7fb4a', 'emission', '/ɪˈmɪʃ.ən/', 'noun', 'Khí thải', 'Carbon emissions must be reduced.', '["discharge","release"]', '["carbon emission","greenhouse gas emission"]', '[]', NULL, 2, '2026-04-22 03:50:46', '2026-04-22 03:50:46');
INSERT INTO public.vocab_words (id, topic_id, word, phonetic, part_of_speech, definition, example, synonyms, collocations, word_family, vstep_tip, display_order, created_at, updated_at) VALUES ('019db34f-d3ad-7068-b80b-0a4ad0aa07bf', '019db34f-d3a2-72d3-a223-143ad5b7fb4a', 'sustainable', '/səˈsteɪ.nə.bəl/', 'adjective', 'Bền vững', 'We need sustainable energy sources.', '["eco-friendly","renewable"]', '["sustainable development","sustainable energy"]', '[]', NULL, 3, '2026-04-22 03:50:46', '2026-04-22 03:50:46');
INSERT INTO public.vocab_words (id, topic_id, word, phonetic, part_of_speech, definition, example, synonyms, collocations, word_family, vstep_tip, display_order, created_at, updated_at) VALUES ('019db34f-d3ae-7316-987d-e238060d0cda', '019db34f-d3a2-72d3-a223-143ad5b7fb4a', 'contamination', '/kənˌtæm.ɪˈneɪ.ʃən/', 'noun', 'Ô nhiễm', 'Water contamination is a serious issue.', '["pollution","poisoning"]', '["water contamination","soil contamination"]', '[]', NULL, 4, '2026-04-22 03:50:46', '2026-04-22 03:50:46');
INSERT INTO public.vocab_words (id, topic_id, word, phonetic, part_of_speech, definition, example, synonyms, collocations, word_family, vstep_tip, display_order, created_at, updated_at) VALUES ('019db34f-d3af-73ac-9eee-f54defb0bd31', '019db34f-d3a2-72d3-a223-143ad5b7fb4a', 'renewable', '/rɪˈnjuː.ə.bəl/', 'adjective', 'Có thể tái tạo', 'Solar is a renewable energy source.', '["sustainable","clean"]', '["renewable energy","renewable resource"]', '[]', NULL, 5, '2026-04-22 03:50:46', '2026-04-22 03:50:46');
INSERT INTO public.vocab_words (id, topic_id, word, phonetic, part_of_speech, definition, example, synonyms, collocations, word_family, vstep_tip, display_order, created_at, updated_at) VALUES ('019db34f-d3b0-70a7-90e8-88c17652867b', '019db34f-d3a2-72d3-a223-143ad5b7fb4a', 'ecosystem', '/ˈiː.kəʊˌsɪs.təm/', 'noun', 'Hệ sinh thái', 'Coral reefs are fragile ecosystems.', '["habitat","biome"]', '["marine ecosystem","fragile ecosystem"]', '[]', NULL, 6, '2026-04-22 03:50:46', '2026-04-22 03:50:46');
INSERT INTO public.vocab_words (id, topic_id, word, phonetic, part_of_speech, definition, example, synonyms, collocations, word_family, vstep_tip, display_order, created_at, updated_at) VALUES ('019db34f-d3b0-70a7-90e8-88c176a80809', '019db34f-d3a2-72d3-a223-143ad5b7fb4a', 'drought', '/draʊt/', 'noun', 'Hạn hán', 'The drought destroyed crops.', '["dry spell","water shortage"]', '["severe drought","drought-resistant"]', '[]', NULL, 7, '2026-04-22 03:50:46', '2026-04-22 03:50:46');
INSERT INTO public.vocab_words (id, topic_id, word, phonetic, part_of_speech, definition, example, synonyms, collocations, word_family, vstep_tip, display_order, created_at, updated_at) VALUES ('019db34f-d3b1-7310-b051-a5d0229786ff', '019db34f-d3a2-72d3-a223-143ad5b7fb4a', 'conservation', '/ˌkɒn.səˈveɪ.ʃən/', 'noun', 'Bảo tồn', 'Wildlife conservation is vital.', '["preservation","protection"]', '["wildlife conservation","energy conservation"]', '[]', NULL, 8, '2026-04-22 03:50:46', '2026-04-22 03:50:46');
INSERT INTO public.vocab_words (id, topic_id, word, phonetic, part_of_speech, definition, example, synonyms, collocations, word_family, vstep_tip, display_order, created_at, updated_at) VALUES ('019db34f-d3b2-72b2-83db-fef13dfe22e7', '019db34f-d3a2-72d3-a223-143ad5b7fb4a', 'habitat', '/ˈhæb.ɪ.tæt/', 'noun', 'Môi trường sống', 'Polar bears are losing their habitat.', '["environment","territory"]', '["natural habitat","habitat destruction"]', '[]', NULL, 9, '2026-04-22 03:50:46', '2026-04-22 03:50:46');
INSERT INTO public.vocab_words (id, topic_id, word, phonetic, part_of_speech, definition, example, synonyms, collocations, word_family, vstep_tip, display_order, created_at, updated_at) VALUES ('019db350-1e76-72d0-a1a4-dfff5b3c5463', '019db350-1e6f-726e-821a-45c3610c3955', 'symptom', '/ˈsɪmp.təm/', 'noun', 'Triệu chứng', 'Fever is a common symptom.', '["sign","indication"]', '["common symptom","symptom of"]', '[]', NULL, 0, '2026-04-22 03:51:05', '2026-04-22 03:51:05');
INSERT INTO public.vocab_words (id, topic_id, word, phonetic, part_of_speech, definition, example, synonyms, collocations, word_family, vstep_tip, display_order, created_at, updated_at) VALUES ('019db350-1e77-7180-8490-34548554949e', '019db350-1e6f-726e-821a-45c3610c3955', 'diagnosis', '/ˌdaɪ.əɡˈnəʊ.sɪs/', 'noun', 'Chẩn đoán', 'Early diagnosis saves lives.', '["identification","assessment"]', '["early diagnosis","accurate diagnosis"]', '[]', NULL, 1, '2026-04-22 03:51:05', '2026-04-22 03:51:05');
INSERT INTO public.vocab_words (id, topic_id, word, phonetic, part_of_speech, definition, example, synonyms, collocations, word_family, vstep_tip, display_order, created_at, updated_at) VALUES ('019db350-1e78-71b8-94d0-34e8b445c11b', '019db350-1e6f-726e-821a-45c3610c3955', 'prescription', '/prɪˈskrɪp.ʃən/', 'noun', 'Đơn thuốc', 'The doctor wrote a prescription.', '["medication order"]', '["write a prescription","prescription drug"]', '[]', NULL, 2, '2026-04-22 03:51:05', '2026-04-22 03:51:05');
INSERT INTO public.vocab_words (id, topic_id, word, phonetic, part_of_speech, definition, example, synonyms, collocations, word_family, vstep_tip, display_order, created_at, updated_at) VALUES ('019db350-1e7a-7358-abd8-3f6db1750e5d', '019db350-1e6f-726e-821a-45c3610c3955', 'epidemic', '/ˌep.ɪˈdem.ɪk/', 'noun', 'Dịch bệnh', 'The flu epidemic spread quickly.', '["outbreak","pandemic"]', '["flu epidemic","epidemic disease"]', '[]', NULL, 3, '2026-04-22 03:51:05', '2026-04-22 03:51:05');
INSERT INTO public.vocab_words (id, topic_id, word, phonetic, part_of_speech, definition, example, synonyms, collocations, word_family, vstep_tip, display_order, created_at, updated_at) VALUES ('019db350-1e7b-7203-998e-409e21f68b02', '019db350-1e6f-726e-821a-45c3610c3955', 'immunity', '/ɪˈmjuː.nɪ.ti/', 'noun', 'Miễn dịch', 'Vaccines build immunity.', '["resistance","protection"]', '["build immunity","herd immunity"]', '[]', NULL, 4, '2026-04-22 03:51:05', '2026-04-22 03:51:05');
INSERT INTO public.vocab_words (id, topic_id, word, phonetic, part_of_speech, definition, example, synonyms, collocations, word_family, vstep_tip, display_order, created_at, updated_at) VALUES ('019db350-1e7c-7247-b3b8-15e9c1f1323c', '019db350-1e6f-726e-821a-45c3610c3955', 'chronic', '/ˈkrɒn.ɪk/', 'adjective', 'Mãn tính', 'He has chronic back pain.', '["persistent","long-term"]', '["chronic disease","chronic pain"]', '[]', NULL, 5, '2026-04-22 03:51:05', '2026-04-22 03:51:05');
INSERT INTO public.vocab_words (id, topic_id, word, phonetic, part_of_speech, definition, example, synonyms, collocations, word_family, vstep_tip, display_order, created_at, updated_at) VALUES ('019db350-1e7d-71da-a1c9-451d9fe1b007', '019db350-1e6f-726e-821a-45c3610c3955', 'nutrition', '/njuːˈtrɪʃ.ən/', 'noun', 'Dinh dưỡng', 'Good nutrition is essential.', '["diet","nourishment"]', '["proper nutrition","nutrition label"]', '[]', NULL, 6, '2026-04-22 03:51:05', '2026-04-22 03:51:05');
INSERT INTO public.vocab_words (id, topic_id, word, phonetic, part_of_speech, definition, example, synonyms, collocations, word_family, vstep_tip, display_order, created_at, updated_at) VALUES ('019db350-1e7e-725a-947e-a3a1f49e8469', '019db350-1e6f-726e-821a-45c3610c3955', 'surgery', '/ˈsɜː.dʒər.i/', 'noun', 'Phẫu thuật', 'She underwent heart surgery.', '["operation","procedure"]', '["undergo surgery","heart surgery"]', '[]', NULL, 7, '2026-04-22 03:51:05', '2026-04-22 03:51:05');
INSERT INTO public.vocab_words (id, topic_id, word, phonetic, part_of_speech, definition, example, synonyms, collocations, word_family, vstep_tip, display_order, created_at, updated_at) VALUES ('019db350-1e7f-7094-b2fc-604553424d30', '019db350-1e6f-726e-821a-45c3610c3955', 'prevention', '/prɪˈven.ʃən/', 'noun', 'Phòng ngừa', 'Prevention is better than cure.', '["precaution","protection"]', '["disease prevention","prevention program"]', '[]', NULL, 8, '2026-04-22 03:51:05', '2026-04-22 03:51:05');
INSERT INTO public.vocab_words (id, topic_id, word, phonetic, part_of_speech, definition, example, synonyms, collocations, word_family, vstep_tip, display_order, created_at, updated_at) VALUES ('019db350-1e81-7089-8c4a-35c6783b2d1d', '019db350-1e6f-726e-821a-45c3610c3955', 'obesity', '/əʊˈbiː.sɪ.ti/', 'noun', 'Béo phì', 'Obesity is a global health problem.', '["overweight","excess weight"]', '["childhood obesity","obesity rate"]', '[]', NULL, 9, '2026-04-22 03:51:05', '2026-04-22 03:51:05');
INSERT INTO public.vocab_words (id, topic_id, word, phonetic, part_of_speech, definition, example, synonyms, collocations, word_family, vstep_tip, display_order, created_at, updated_at) VALUES ('019db350-6b1c-71e7-8d17-8f6208f1d223', '019db350-6b16-7346-bc99-52c6854a3028', 'artificial intelligence', '/ˌɑː.tɪˈfɪʃ.əl ɪnˈtel.ɪ.dʒəns/', 'noun', 'Trí tuệ nhân tạo', 'AI is transforming industries.', '["AI","machine intelligence"]', '["AI technology","AI system"]', '[]', NULL, 0, '2026-04-22 03:51:25', '2026-04-22 03:51:25');
INSERT INTO public.vocab_words (id, topic_id, word, phonetic, part_of_speech, definition, example, synonyms, collocations, word_family, vstep_tip, display_order, created_at, updated_at) VALUES ('019db350-6b1d-70b5-8407-5330345ddd34', '019db350-6b16-7346-bc99-52c6854a3028', 'automation', '/ˌɔː.təˈmeɪ.ʃən/', 'noun', 'Tự động hóa', 'Automation replaces manual jobs.', '["mechanization","robotics"]', '["factory automation","process automation"]', '[]', NULL, 1, '2026-04-22 03:51:25', '2026-04-22 03:51:25');
INSERT INTO public.vocab_words (id, topic_id, word, phonetic, part_of_speech, definition, example, synonyms, collocations, word_family, vstep_tip, display_order, created_at, updated_at) VALUES ('019db350-6b1e-72de-8f47-fbf0a47119b9', '019db350-6b16-7346-bc99-52c6854a3028', 'algorithm', '/ˈæl.ɡə.rɪ.ðəm/', 'noun', 'Thuật toán', 'Search engines use complex algorithms.', '["procedure","formula"]', '["search algorithm","machine learning algorithm"]', '[]', NULL, 2, '2026-04-22 03:51:25', '2026-04-22 03:51:25');
INSERT INTO public.vocab_words (id, topic_id, word, phonetic, part_of_speech, definition, example, synonyms, collocations, word_family, vstep_tip, display_order, created_at, updated_at) VALUES ('019db350-6b1e-72de-8f47-fbf0a4878c79', '019db350-6b16-7346-bc99-52c6854a3028', 'cybersecurity', '/ˌsaɪ.bəsɪˈkjʊər.ɪ.ti/', 'noun', 'An ninh mạng', 'Cybersecurity threats are increasing.', '["information security","data protection"]', '["cybersecurity threat","cybersecurity expert"]', '[]', NULL, 3, '2026-04-22 03:51:25', '2026-04-22 03:51:25');
INSERT INTO public.vocab_words (id, topic_id, word, phonetic, part_of_speech, definition, example, synonyms, collocations, word_family, vstep_tip, display_order, created_at, updated_at) VALUES ('019db350-6b1f-715e-8f6f-5385a417d06a', '019db350-6b16-7346-bc99-52c6854a3028', 'innovation', '/ˌɪn.əˈveɪ.ʃən/', 'noun', 'Đổi mới sáng tạo', 'Innovation drives economic growth.', '["invention","breakthrough"]', '["technological innovation","drive innovation"]', '[]', NULL, 4, '2026-04-22 03:51:25', '2026-04-22 03:51:25');
INSERT INTO public.vocab_words (id, topic_id, word, phonetic, part_of_speech, definition, example, synonyms, collocations, word_family, vstep_tip, display_order, created_at, updated_at) VALUES ('019db350-6b20-7374-92de-3fe015eae5eb', '019db350-6b16-7346-bc99-52c6854a3028', 'bandwidth', '/ˈbænd.wɪdθ/', 'noun', 'Băng thông', 'Streaming requires high bandwidth.', '["data capacity","throughput"]', '["high bandwidth","bandwidth limit"]', '[]', NULL, 5, '2026-04-22 03:51:25', '2026-04-22 03:51:25');
INSERT INTO public.vocab_words (id, topic_id, word, phonetic, part_of_speech, definition, example, synonyms, collocations, word_family, vstep_tip, display_order, created_at, updated_at) VALUES ('019db350-6b21-7285-b72d-267d67dacff9', '019db350-6b16-7346-bc99-52c6854a3028', 'virtual', '/ˈvɜː.tʃu.əl/', 'adjective', 'Ảo / trực tuyến', 'Virtual meetings save travel time.', '["online","digital"]', '["virtual reality","virtual meeting"]', '[]', NULL, 6, '2026-04-22 03:51:25', '2026-04-22 03:51:25');
INSERT INTO public.vocab_words (id, topic_id, word, phonetic, part_of_speech, definition, example, synonyms, collocations, word_family, vstep_tip, display_order, created_at, updated_at) VALUES ('019db350-6b22-7349-9094-47fb3e1f11f9', '019db350-6b16-7346-bc99-52c6854a3028', 'prototype', '/ˈprəʊ.tə.taɪp/', 'noun', 'Nguyên mẫu', 'Engineers built a prototype.', '["model","sample"]', '["build a prototype","working prototype"]', '[]', NULL, 7, '2026-04-22 03:51:25', '2026-04-22 03:51:25');
INSERT INTO public.vocab_words (id, topic_id, word, phonetic, part_of_speech, definition, example, synonyms, collocations, word_family, vstep_tip, display_order, created_at, updated_at) VALUES ('019db350-6b22-7349-9094-47fb3ef49bfd', '019db350-6b16-7346-bc99-52c6854a3028', 'disruption', '/dɪsˈrʌp.ʃən/', 'noun', 'Sự đột phá / gián đoạn', 'Digital disruption changed retail.', '["upheaval","transformation"]', '["digital disruption","market disruption"]', '[]', NULL, 8, '2026-04-22 03:51:25', '2026-04-22 03:51:25');
INSERT INTO public.vocab_words (id, topic_id, word, phonetic, part_of_speech, definition, example, synonyms, collocations, word_family, vstep_tip, display_order, created_at, updated_at) VALUES ('019db350-6b23-71c1-8548-3d33d53ec2c0', '019db350-6b16-7346-bc99-52c6854a3028', 'infrastructure', '/ˈɪn.frəˌstrʌk.tʃər/', 'noun', 'Cơ sở hạ tầng', 'Digital infrastructure needs investment.', '["framework","foundation"]', '["digital infrastructure","IT infrastructure"]', '[]', NULL, 9, '2026-04-22 03:51:25', '2026-04-22 03:51:25');
INSERT INTO public.vocab_words (id, topic_id, word, phonetic, part_of_speech, definition, example, synonyms, collocations, word_family, vstep_tip, display_order, created_at, updated_at) VALUES ('019db350-bfd7-7258-845f-30aafcf8d210', '019db350-bfd0-7174-b28a-9ff63d10f513', 'occupation', '/ˌɒk.jʊˈpeɪ.ʃən/', 'noun', 'Nghề nghiệp', 'What is your occupation?', '["profession","job"]', '["current occupation","skilled occupation"]', '[]', NULL, 0, '2026-04-22 03:51:46', '2026-04-22 03:51:46');
INSERT INTO public.vocab_words (id, topic_id, word, phonetic, part_of_speech, definition, example, synonyms, collocations, word_family, vstep_tip, display_order, created_at, updated_at) VALUES ('019db350-bfd8-729a-83da-a646e85ace80', '019db350-bfd0-7174-b28a-9ff63d10f513', 'colleague', '/ˈkɒl.iːɡ/', 'noun', 'Đồng nghiệp', 'She gets along with her colleagues.', '["coworker","associate"]', '["work colleague","close colleague"]', '[]', NULL, 1, '2026-04-22 03:51:46', '2026-04-22 03:51:46');
INSERT INTO public.vocab_words (id, topic_id, word, phonetic, part_of_speech, definition, example, synonyms, collocations, word_family, vstep_tip, display_order, created_at, updated_at) VALUES ('019db350-bfd9-716e-b1d6-46b1fac22579', '019db350-bfd0-7174-b28a-9ff63d10f513', 'promotion', '/prəˈməʊ.ʃən/', 'noun', 'Thăng chức', 'He received a promotion last month.', '["advancement","upgrade"]', '["job promotion","earn a promotion"]', '[]', NULL, 2, '2026-04-22 03:51:46', '2026-04-22 03:51:46');
INSERT INTO public.vocab_words (id, topic_id, word, phonetic, part_of_speech, definition, example, synonyms, collocations, word_family, vstep_tip, display_order, created_at, updated_at) VALUES ('019db350-bfd9-716e-b1d6-46b1fb9f09db', '019db350-bfd0-7174-b28a-9ff63d10f513', 'redundancy', '/rɪˈdʌn.dən.si/', 'noun', 'Thất nghiệp do cắt giảm', 'Many workers faced redundancy.', '["layoff","dismissal"]', '["face redundancy","redundancy package"]', '[]', NULL, 3, '2026-04-22 03:51:46', '2026-04-22 03:51:46');
INSERT INTO public.vocab_words (id, topic_id, word, phonetic, part_of_speech, definition, example, synonyms, collocations, word_family, vstep_tip, display_order, created_at, updated_at) VALUES ('019db350-bfda-7261-aa1f-02fd35ac3171', '019db350-bfd0-7174-b28a-9ff63d10f513', 'entrepreneur', '/ˌɒn.trə.prəˈnɜːr/', 'noun', 'Doanh nhân', 'She became a successful entrepreneur.', '["businessperson","founder"]', '["young entrepreneur","social entrepreneur"]', '[]', NULL, 4, '2026-04-22 03:51:46', '2026-04-22 03:51:46');
INSERT INTO public.vocab_words (id, topic_id, word, phonetic, part_of_speech, definition, example, synonyms, collocations, word_family, vstep_tip, display_order, created_at, updated_at) VALUES ('019db350-bfdb-726f-a974-2e6e10a27a86', '019db350-bfd0-7174-b28a-9ff63d10f513', 'productivity', '/ˌprɒd.ʌkˈtɪv.ɪ.ti/', 'noun', 'Năng suất', 'Remote work increased productivity.', '["efficiency","output"]', '["increase productivity","worker productivity"]', '[]', NULL, 5, '2026-04-22 03:51:46', '2026-04-22 03:51:46');
INSERT INTO public.vocab_words (id, topic_id, word, phonetic, part_of_speech, definition, example, synonyms, collocations, word_family, vstep_tip, display_order, created_at, updated_at) VALUES ('019db350-bfdb-726f-a974-2e6e11555cce', '019db350-bfd0-7174-b28a-9ff63d10f513', 'negotiate', '/nɪˈɡəʊ.ʃi.eɪt/', 'verb', 'Đàm phán', 'She negotiated a higher salary.', '["bargain","discuss"]', '["negotiate a deal","negotiate salary"]', '[]', NULL, 6, '2026-04-22 03:51:46', '2026-04-22 03:51:46');
INSERT INTO public.vocab_words (id, topic_id, word, phonetic, part_of_speech, definition, example, synonyms, collocations, word_family, vstep_tip, display_order, created_at, updated_at) VALUES ('019db350-bfdc-7000-af58-bea9cf075b2c', '019db350-bfd0-7174-b28a-9ff63d10f513', 'resignation', '/ˌrez.ɪɡˈneɪ.ʃən/', 'noun', 'Sự từ chức', 'He submitted his resignation.', '["quitting","departure"]', '["letter of resignation","submit resignation"]', '[]', NULL, 7, '2026-04-22 03:51:46', '2026-04-22 03:51:46');
INSERT INTO public.vocab_words (id, topic_id, word, phonetic, part_of_speech, definition, example, synonyms, collocations, word_family, vstep_tip, display_order, created_at, updated_at) VALUES ('019db350-bfdc-7000-af58-bea9cf5e51aa', '019db350-bfd0-7174-b28a-9ff63d10f513', 'internship', '/ˈɪn.tɜːn.ʃɪp/', 'noun', 'Thực tập', 'She completed a summer internship.', '["placement","work experience"]', '["paid internship","summer internship"]', '[]', NULL, 8, '2026-04-22 03:51:46', '2026-04-22 03:51:46');
INSERT INTO public.vocab_words (id, topic_id, word, phonetic, part_of_speech, definition, example, synonyms, collocations, word_family, vstep_tip, display_order, created_at, updated_at) VALUES ('019db350-bfdd-7123-85f5-1412c4a8ccca', '019db350-bfd0-7174-b28a-9ff63d10f513', 'deadline', '/ˈded.laɪn/', 'noun', 'Hạn chót', 'We must meet the project deadline.', '["due date","cutoff"]', '["meet a deadline","tight deadline"]', '[]', NULL, 9, '2026-04-22 03:51:46', '2026-04-22 03:51:46');
INSERT INTO public.vocab_words (id, topic_id, word, phonetic, part_of_speech, definition, example, synonyms, collocations, word_family, vstep_tip, display_order, created_at, updated_at) VALUES ('019db351-208a-7358-9250-307473a57699', '019db351-2083-71dd-ae84-09fa3916e4cb', 'inequality', '/ˌɪn.ɪˈkwɒl.ɪ.ti/', 'noun', 'Bất bình đẳng', 'Income inequality is growing.', '["disparity","imbalance"]', '["social inequality","income inequality"]', '[]', NULL, 0, '2026-04-22 03:52:11', '2026-04-22 03:52:11');
INSERT INTO public.vocab_words (id, topic_id, word, phonetic, part_of_speech, definition, example, synonyms, collocations, word_family, vstep_tip, display_order, created_at, updated_at) VALUES ('019db351-208b-709b-9f50-e98f07024b95', '019db351-2083-71dd-ae84-09fa3916e4cb', 'discrimination', '/dɪˌskrɪm.ɪˈneɪ.ʃən/', 'noun', 'Phân biệt đối xử', 'Discrimination is illegal.', '["prejudice","bias"]', '["racial discrimination","gender discrimination"]', '[]', NULL, 1, '2026-04-22 03:52:11', '2026-04-22 03:52:11');
INSERT INTO public.vocab_words (id, topic_id, word, phonetic, part_of_speech, definition, example, synonyms, collocations, word_family, vstep_tip, display_order, created_at, updated_at) VALUES ('019db351-208b-709b-9f50-e98f07626a26', '019db351-2083-71dd-ae84-09fa3916e4cb', 'volunteer', '/ˌvɒl.ənˈtɪər/', 'noun/verb', 'Tình nguyện viên', 'She volunteers at a local shelter.', '["helper","contributor"]', '["volunteer work","community volunteer"]', '[]', NULL, 2, '2026-04-22 03:52:11', '2026-04-22 03:52:11');
INSERT INTO public.vocab_words (id, topic_id, word, phonetic, part_of_speech, definition, example, synonyms, collocations, word_family, vstep_tip, display_order, created_at, updated_at) VALUES ('019db351-208c-72dd-ad9b-353cba9d52a2', '019db351-2083-71dd-ae84-09fa3916e4cb', 'poverty', '/ˈpɒv.ə.ti/', 'noun', 'Nghèo đói', 'Poverty affects millions worldwide.', '["deprivation","hardship"]', '["extreme poverty","poverty line"]', '[]', NULL, 3, '2026-04-22 03:52:11', '2026-04-22 03:52:11');
INSERT INTO public.vocab_words (id, topic_id, word, phonetic, part_of_speech, definition, example, synonyms, collocations, word_family, vstep_tip, display_order, created_at, updated_at) VALUES ('019db351-208d-7152-b7f3-1f3b331a54cb', '019db351-2083-71dd-ae84-09fa3916e4cb', 'integration', '/ˌɪn.tɪˈɡreɪ.ʃən/', 'noun', 'Hội nhập', 'Social integration takes time.', '["inclusion","assimilation"]', '["social integration","cultural integration"]', '[]', NULL, 4, '2026-04-22 03:52:11', '2026-04-22 03:52:11');
INSERT INTO public.vocab_words (id, topic_id, word, phonetic, part_of_speech, definition, example, synonyms, collocations, word_family, vstep_tip, display_order, created_at, updated_at) VALUES ('019db351-208e-7203-8348-1d90b2e951ca', '019db351-2083-71dd-ae84-09fa3916e4cb', 'welfare', '/ˈwel.feər/', 'noun', 'Phúc lợi', 'The government funds social welfare.', '["well-being","benefit"]', '["social welfare","welfare system"]', '[]', NULL, 5, '2026-04-22 03:52:11', '2026-04-22 03:52:11');
INSERT INTO public.vocab_words (id, topic_id, word, phonetic, part_of_speech, definition, example, synonyms, collocations, word_family, vstep_tip, display_order, created_at, updated_at) VALUES ('019db351-208f-70ab-8b9a-c5ef454a2e33', '019db351-2083-71dd-ae84-09fa3916e4cb', 'migration', '/maɪˈɡreɪ.ʃən/', 'noun', 'Di cư', 'Rural-urban migration is increasing.', '["movement","relocation"]', '["rural migration","mass migration"]', '[]', NULL, 6, '2026-04-22 03:52:11', '2026-04-22 03:52:11');
INSERT INTO public.vocab_words (id, topic_id, word, phonetic, part_of_speech, definition, example, synonyms, collocations, word_family, vstep_tip, display_order, created_at, updated_at) VALUES ('019db351-2090-70cf-8366-52cb8c7ad989', '019db351-2083-71dd-ae84-09fa3916e4cb', 'tolerance', '/ˈtɒl.ər.əns/', 'noun', 'Sự khoan dung', 'Tolerance promotes social harmony.', '["acceptance","open-mindedness"]', '["cultural tolerance","religious tolerance"]', '[]', NULL, 7, '2026-04-22 03:52:11', '2026-04-22 03:52:11');
INSERT INTO public.vocab_words (id, topic_id, word, phonetic, part_of_speech, definition, example, synonyms, collocations, word_family, vstep_tip, display_order, created_at, updated_at) VALUES ('019db351-2090-70cf-8366-52cb8cca54c4', '019db351-2083-71dd-ae84-09fa3916e4cb', 'empowerment', '/ɪmˈpaʊ.ə.mənt/', 'noun', 'Trao quyền', 'Women''s empowerment is a priority.', '["enablement","authorization"]', '["women''s empowerment","community empowerment"]', '[]', NULL, 8, '2026-04-22 03:52:11', '2026-04-22 03:52:11');
INSERT INTO public.vocab_words (id, topic_id, word, phonetic, part_of_speech, definition, example, synonyms, collocations, word_family, vstep_tip, display_order, created_at, updated_at) VALUES ('019db351-2091-73f2-912e-7ad629a35bc1', '019db351-2083-71dd-ae84-09fa3916e4cb', 'cohesion', '/kəʊˈhiː.ʒən/', 'noun', 'Sự gắn kết', 'Social cohesion reduces conflict.', '["unity","solidarity"]', '["social cohesion","community cohesion"]', '[]', NULL, 9, '2026-04-22 03:52:11', '2026-04-22 03:52:11');
INSERT INTO public.vocab_words (id, topic_id, word, phonetic, part_of_speech, definition, example, synonyms, collocations, word_family, vstep_tip, display_order, created_at, updated_at) VALUES ('019db351-6e29-72c3-9593-9eb1a827f228', '019db351-6e23-726c-8870-d8e910642d4e', 'itinerary', '/aɪˈtɪn.ər.ər.i/', 'noun', 'Lịch trình chuyến đi', 'She planned a detailed itinerary.', '["schedule","route"]', '["travel itinerary","detailed itinerary"]', '[]', NULL, 0, '2026-04-22 03:52:31', '2026-04-22 03:52:31');
INSERT INTO public.vocab_words (id, topic_id, word, phonetic, part_of_speech, definition, example, synonyms, collocations, word_family, vstep_tip, display_order, created_at, updated_at) VALUES ('019db351-6e2b-7166-a665-b9802e4c3b20', '019db351-6e23-726c-8870-d8e910642d4e', 'accommodation', '/əˌkɒm.əˈdeɪ.ʃən/', 'noun', 'Chỗ ở', 'We booked accommodation in advance.', '["lodging","housing"]', '["book accommodation","budget accommodation"]', '[]', NULL, 1, '2026-04-22 03:52:31', '2026-04-22 03:52:31');
INSERT INTO public.vocab_words (id, topic_id, word, phonetic, part_of_speech, definition, example, synonyms, collocations, word_family, vstep_tip, display_order, created_at, updated_at) VALUES ('019db351-6e2c-7248-8b1e-1e3f88e7f38b', '019db351-6e23-726c-8870-d8e910642d4e', 'destination', '/ˌdes.tɪˈneɪ.ʃən/', 'noun', 'Điểm đến', 'Paris is a popular destination.', '["location","place"]', '["tourist destination","final destination"]', '[]', NULL, 2, '2026-04-22 03:52:31', '2026-04-22 03:52:31');
INSERT INTO public.vocab_words (id, topic_id, word, phonetic, part_of_speech, definition, example, synonyms, collocations, word_family, vstep_tip, display_order, created_at, updated_at) VALUES ('019db351-6e2d-70f1-b4a3-bac195494f9b', '019db351-6e23-726c-8870-d8e910642d4e', 'departure', '/dɪˈpɑː.tʃər/', 'noun', 'Sự khởi hành', 'The departure is at 6 AM.', '["leaving","takeoff"]', '["departure time","departure gate"]', '[]', NULL, 3, '2026-04-22 03:52:31', '2026-04-22 03:52:31');
INSERT INTO public.vocab_words (id, topic_id, word, phonetic, part_of_speech, definition, example, synonyms, collocations, word_family, vstep_tip, display_order, created_at, updated_at) VALUES ('019db351-6e2e-7342-aff8-cf6dc20f6244', '019db351-6e23-726c-8870-d8e910642d4e', 'transit', '/ˈtræn.zɪt/', 'noun', 'Quá cảnh', 'We had a transit stop in Singapore.', '["transfer","stopover"]', '["in transit","transit visa"]', '[]', NULL, 4, '2026-04-22 03:52:31', '2026-04-22 03:52:31');
INSERT INTO public.vocab_words (id, topic_id, word, phonetic, part_of_speech, definition, example, synonyms, collocations, word_family, vstep_tip, display_order, created_at, updated_at) VALUES ('019db351-6e2f-733d-bfdf-5118dfd8c0f8', '019db351-6e23-726c-8870-d8e910642d4e', 'souvenir', '/ˌsuː.vəˈnɪər/', 'noun', 'Quà lưu niệm', 'She bought souvenirs for her family.', '["memento","keepsake"]', '["buy souvenirs","souvenir shop"]', '[]', NULL, 5, '2026-04-22 03:52:31', '2026-04-22 03:52:31');
INSERT INTO public.vocab_words (id, topic_id, word, phonetic, part_of_speech, definition, example, synonyms, collocations, word_family, vstep_tip, display_order, created_at, updated_at) VALUES ('019db351-6e30-7051-902e-ffdce38230c7', '019db351-6e23-726c-8870-d8e910642d4e', 'excursion', '/ɪkˈskɜː.ʃən/', 'noun', 'Chuyến tham quan ngắn', 'We went on a day excursion.', '["trip","outing"]', '["day excursion","guided excursion"]', '[]', NULL, 6, '2026-04-22 03:52:31', '2026-04-22 03:52:31');
INSERT INTO public.vocab_words (id, topic_id, word, phonetic, part_of_speech, definition, example, synonyms, collocations, word_family, vstep_tip, display_order, created_at, updated_at) VALUES ('019db351-6e31-7399-aade-30eb23eb0bdb', '019db351-6e23-726c-8870-d8e910642d4e', 'customs', '/ˈkʌs.təmz/', 'noun', 'Hải quan', 'We passed through customs quickly.', '["border control","immigration"]', '["go through customs","customs officer"]', '[]', NULL, 7, '2026-04-22 03:52:31', '2026-04-22 03:52:31');
INSERT INTO public.vocab_words (id, topic_id, word, phonetic, part_of_speech, definition, example, synonyms, collocations, word_family, vstep_tip, display_order, created_at, updated_at) VALUES ('019db351-6e31-7399-aade-30eb24c05511', '019db351-6e23-726c-8870-d8e910642d4e', 'reservation', '/ˌrez.əˈveɪ.ʃən/', 'noun', 'Đặt chỗ trước', 'I made a hotel reservation online.', '["booking","appointment"]', '["make a reservation","hotel reservation"]', '[]', NULL, 8, '2026-04-22 03:52:31', '2026-04-22 03:52:31');
INSERT INTO public.vocab_words (id, topic_id, word, phonetic, part_of_speech, definition, example, synonyms, collocations, word_family, vstep_tip, display_order, created_at, updated_at) VALUES ('019db351-6e32-7139-a3ae-053f0711f8c7', '019db351-6e23-726c-8870-d8e910642d4e', 'backpacker', '/ˈbæk.pæk.ər/', 'noun', 'Khách du lịch bụi', 'Backpackers travel on a tight budget.', '["budget traveler","wanderer"]', '["budget backpacker","backpacker hostel"]', '[]', NULL, 9, '2026-04-22 03:52:31', '2026-04-22 03:52:31');
INSERT INTO public.vocab_words (id, topic_id, word, phonetic, part_of_speech, definition, example, synonyms, collocations, word_family, vstep_tip, display_order, created_at, updated_at) VALUES ('019db351-b840-71e4-9c64-594954e2ecbb', '019db351-b839-72ed-8996-23109dcf7e4f', 'inflation', '/ɪnˈfleɪ.ʃən/', 'noun', 'Lạm phát', 'High inflation reduces purchasing power.', '["price rise","cost increase"]', '["high inflation","inflation rate"]', '[]', NULL, 0, '2026-04-22 03:52:50', '2026-04-22 03:52:50');
INSERT INTO public.vocab_words (id, topic_id, word, phonetic, part_of_speech, definition, example, synonyms, collocations, word_family, vstep_tip, display_order, created_at, updated_at) VALUES ('019db351-b841-714c-aaba-1a02b2dd5de4', '019db351-b839-72ed-8996-23109dcf7e4f', 'investment', '/ɪnˈvest.mənt/', 'noun', 'Đầu tư', 'Foreign investment boosts the economy.', '["funding","capital"]', '["foreign investment","return on investment"]', '[]', NULL, 1, '2026-04-22 03:52:50', '2026-04-22 03:52:50');
INSERT INTO public.vocab_words (id, topic_id, word, phonetic, part_of_speech, definition, example, synonyms, collocations, word_family, vstep_tip, display_order, created_at, updated_at) VALUES ('019db351-b842-7281-a49a-520f27514e60', '019db351-b839-72ed-8996-23109dcf7e4f', 'recession', '/rɪˈseʃ.ən/', 'noun', 'Suy thoái kinh tế', 'The recession caused job losses.', '["downturn","slump"]', '["economic recession","global recession"]', '[]', NULL, 2, '2026-04-22 03:52:50', '2026-04-22 03:52:50');
INSERT INTO public.vocab_words (id, topic_id, word, phonetic, part_of_speech, definition, example, synonyms, collocations, word_family, vstep_tip, display_order, created_at, updated_at) VALUES ('019db351-b843-7216-b394-6075c30b166c', '019db351-b839-72ed-8996-23109dcf7e4f', 'revenue', '/ˈrev.ɪ.njuː/', 'noun', 'Doanh thu', 'The company''s revenue grew by 20%.', '["income","earnings"]', '["annual revenue","tax revenue"]', '[]', NULL, 3, '2026-04-22 03:52:50', '2026-04-22 03:52:50');
INSERT INTO public.vocab_words (id, topic_id, word, phonetic, part_of_speech, definition, example, synonyms, collocations, word_family, vstep_tip, display_order, created_at, updated_at) VALUES ('019db351-b843-7216-b394-6075c3ee6b7c', '019db351-b839-72ed-8996-23109dcf7e4f', 'deficit', '/ˈdef.ɪ.sɪt/', 'noun', 'Thâm hụt', 'The budget deficit increased.', '["shortfall","loss"]', '["budget deficit","trade deficit"]', '[]', NULL, 4, '2026-04-22 03:52:50', '2026-04-22 03:52:50');
INSERT INTO public.vocab_words (id, topic_id, word, phonetic, part_of_speech, definition, example, synonyms, collocations, word_family, vstep_tip, display_order, created_at, updated_at) VALUES ('019db351-b844-730a-a9e1-09469f3ed21e', '019db351-b839-72ed-8996-23109dcf7e4f', 'commodity', '/kəˈmɒd.ɪ.ti/', 'noun', 'Hàng hóa', 'Oil is a valuable commodity.', '["product","goods"]', '["commodity price","agricultural commodity"]', '[]', NULL, 5, '2026-04-22 03:52:50', '2026-04-22 03:52:50');
INSERT INTO public.vocab_words (id, topic_id, word, phonetic, part_of_speech, definition, example, synonyms, collocations, word_family, vstep_tip, display_order, created_at, updated_at) VALUES ('019db351-b844-730a-a9e1-09469ffba129', '019db351-b839-72ed-8996-23109dcf7e4f', 'monopoly', '/məˈnɒp.ə.li/', 'noun', 'Độc quyền', 'The company has a monopoly.', '["dominance","control"]', '["market monopoly","break a monopoly"]', '[]', NULL, 6, '2026-04-22 03:52:50', '2026-04-22 03:52:50');
INSERT INTO public.vocab_words (id, topic_id, word, phonetic, part_of_speech, definition, example, synonyms, collocations, word_family, vstep_tip, display_order, created_at, updated_at) VALUES ('019db351-b845-72b5-b1a6-162328742829', '019db351-b839-72ed-8996-23109dcf7e4f', 'subsidy', '/ˈsʌb.sɪ.di/', 'noun', 'Trợ cấp', 'Farmers receive government subsidies.', '["grant","support"]', '["government subsidy","agricultural subsidy"]', '[]', NULL, 7, '2026-04-22 03:52:50', '2026-04-22 03:52:50');
INSERT INTO public.vocab_words (id, topic_id, word, phonetic, part_of_speech, definition, example, synonyms, collocations, word_family, vstep_tip, display_order, created_at, updated_at) VALUES ('019db351-b846-7254-a0fe-3863c82caf82', '019db351-b839-72ed-8996-23109dcf7e4f', 'tariff', '/ˈtær.ɪf/', 'noun', 'Thuế quan', 'Import tariffs protect local industry.', '["duty","tax"]', '["import tariff","trade tariff"]', '[]', NULL, 8, '2026-04-22 03:52:50', '2026-04-22 03:52:50');
INSERT INTO public.vocab_words (id, topic_id, word, phonetic, part_of_speech, definition, example, synonyms, collocations, word_family, vstep_tip, display_order, created_at, updated_at) VALUES ('019db351-b847-7050-920f-e0b63e40acc7', '019db351-b839-72ed-8996-23109dcf7e4f', 'bankruptcy', '/ˈbæŋk.rʌpt.si/', 'noun', 'Phá sản', 'The firm filed for bankruptcy.', '["insolvency","failure"]', '["file for bankruptcy","declare bankruptcy"]', '[]', NULL, 9, '2026-04-22 03:52:50', '2026-04-22 03:52:50');
INSERT INTO public.vocab_words (id, topic_id, word, phonetic, part_of_speech, definition, example, synonyms, collocations, word_family, vstep_tip, display_order, created_at, updated_at) VALUES ('019db352-018a-7121-b511-7983e5ea0786', '019db352-0181-7199-9b4a-df655a6db623', 'heritage', '/ˈher.ɪ.tɪdʒ/', 'noun', 'Di sản', 'Vietnam has a rich cultural heritage.', '["legacy","tradition"]', '["cultural heritage","world heritage"]', '[]', NULL, 0, '2026-04-22 03:53:09', '2026-04-22 03:53:09');
INSERT INTO public.vocab_words (id, topic_id, word, phonetic, part_of_speech, definition, example, synonyms, collocations, word_family, vstep_tip, display_order, created_at, updated_at) VALUES ('019db352-018b-7107-934f-cfc78ee90412', '019db352-0181-7199-9b4a-df655a6db623', 'tradition', '/trəˈdɪʃ.ən/', 'noun', 'Truyền thống', 'This tradition dates back centuries.', '["custom","practice"]', '["local tradition","cultural tradition"]', '[]', NULL, 1, '2026-04-22 03:53:09', '2026-04-22 03:53:09');
INSERT INTO public.vocab_words (id, topic_id, word, phonetic, part_of_speech, definition, example, synonyms, collocations, word_family, vstep_tip, display_order, created_at, updated_at) VALUES ('019db352-018d-7195-a6be-56b855d0f7b6', '019db352-0181-7199-9b4a-df655a6db623', 'contemporary', '/kənˈtem.pər.ər.i/', 'adjective', 'Đương đại', 'She enjoys contemporary art.', '["modern","current"]', '["contemporary art","contemporary music"]', '[]', NULL, 2, '2026-04-22 03:53:09', '2026-04-22 03:53:09');
INSERT INTO public.vocab_words (id, topic_id, word, phonetic, part_of_speech, definition, example, synonyms, collocations, word_family, vstep_tip, display_order, created_at, updated_at) VALUES ('019db352-018e-7363-b910-71504c46e8d6', '019db352-0181-7199-9b4a-df655a6db623', 'exhibition', '/ˌek.sɪˈbɪʃ.ən/', 'noun', 'Triển lãm', 'The art exhibition attracted thousands.', '["display","show"]', '["art exhibition","museum exhibition"]', '[]', NULL, 3, '2026-04-22 03:53:09', '2026-04-22 03:53:09');
INSERT INTO public.vocab_words (id, topic_id, word, phonetic, part_of_speech, definition, example, synonyms, collocations, word_family, vstep_tip, display_order, created_at, updated_at) VALUES ('019db352-018f-7282-989d-1d1e50a393d5', '019db352-0181-7199-9b4a-df655a6db623', 'folklore', '/ˈfəʊk.lɔːr/', 'noun', 'Văn hóa dân gian', 'Folklore is passed down orally.', '["legend","mythology"]', '["local folklore","traditional folklore"]', '[]', NULL, 4, '2026-04-22 03:53:09', '2026-04-22 03:53:09');
INSERT INTO public.vocab_words (id, topic_id, word, phonetic, part_of_speech, definition, example, synonyms, collocations, word_family, vstep_tip, display_order, created_at, updated_at) VALUES ('019db352-0190-72d4-9b47-952543ba27f6', '019db352-0181-7199-9b4a-df655a6db623', 'aesthetic', '/iːsˈθet.ɪk/', 'adjective', 'Thẩm mỹ', 'The building has great aesthetic value.', '["artistic","visual"]', '["aesthetic value","aesthetic appeal"]', '[]', NULL, 5, '2026-04-22 03:53:09', '2026-04-22 03:53:09');
INSERT INTO public.vocab_words (id, topic_id, word, phonetic, part_of_speech, definition, example, synonyms, collocations, word_family, vstep_tip, display_order, created_at, updated_at) VALUES ('019db352-0191-7159-b82d-d9956fc77efa', '019db352-0181-7199-9b4a-df655a6db623', 'manuscript', '/ˈmæn.jʊ.skrɪpt/', 'noun', 'Bản thảo cổ', 'The manuscript was 500 years old.', '["document","text"]', '["ancient manuscript","original manuscript"]', '[]', NULL, 6, '2026-04-22 03:53:09', '2026-04-22 03:53:09');
INSERT INTO public.vocab_words (id, topic_id, word, phonetic, part_of_speech, definition, example, synonyms, collocations, word_family, vstep_tip, display_order, created_at, updated_at) VALUES ('019db352-0192-71ab-8f0b-f07bfddca096', '019db352-0181-7199-9b4a-df655a6db623', 'sculpture', '/ˈskʌlp.tʃər/', 'noun', 'Điêu khắc', 'The sculpture was carved from marble.', '["statue","carving"]', '["bronze sculpture","stone sculpture"]', '[]', NULL, 7, '2026-04-22 03:53:09', '2026-04-22 03:53:09');
INSERT INTO public.vocab_words (id, topic_id, word, phonetic, part_of_speech, definition, example, synonyms, collocations, word_family, vstep_tip, display_order, created_at, updated_at) VALUES ('019db352-0193-717a-a2e4-ad0ecf334a73', '019db352-0181-7199-9b4a-df655a6db623', 'indigenous', '/ɪnˈdɪdʒ.ɪ.nəs/', 'adjective', 'Bản địa', 'Indigenous cultures deserve protection.', '["native","aboriginal"]', '["indigenous people","indigenous culture"]', '[]', NULL, 8, '2026-04-22 03:53:09', '2026-04-22 03:53:09');
INSERT INTO public.vocab_words (id, topic_id, word, phonetic, part_of_speech, definition, example, synonyms, collocations, word_family, vstep_tip, display_order, created_at, updated_at) VALUES ('019db352-0194-7193-9406-9546980ef476', '019db352-0181-7199-9b4a-df655a6db623', 'preservation', '/ˌprez.əˈveɪ.ʃən/', 'noun', 'Bảo tồn', 'Preservation of old buildings is costly.', '["conservation","protection"]', '["cultural preservation","historical preservation"]', '[]', NULL, 9, '2026-04-22 03:53:09', '2026-04-22 03:53:09');
INSERT INTO public.vocab_words (id, topic_id, word, phonetic, part_of_speech, definition, example, synonyms, collocations, word_family, vstep_tip, display_order, created_at, updated_at) VALUES ('019db352-52d8-70a6-8c1e-0535c673d9cc', '019db352-52cf-7063-b2ad-697f2231d0df', 'urbanization', '/ˌɜː.bə.naɪˈzeɪ.ʃən/', 'noun', 'Đô thị hóa', 'Rapid urbanization causes housing problems.', '["city growth","urban expansion"]', '["rapid urbanization","urbanization rate"]', '[]', NULL, 0, '2026-04-22 03:53:30', '2026-04-22 03:53:30');
INSERT INTO public.vocab_words (id, topic_id, word, phonetic, part_of_speech, definition, example, synonyms, collocations, word_family, vstep_tip, display_order, created_at, updated_at) VALUES ('019db352-52d9-7230-9cb4-d4d105bd2645', '019db352-52cf-7063-b2ad-697f2231d0df', 'commute', '/kəˈmjuːt/', 'verb/noun', 'Đi lại hàng ngày', 'He commutes two hours each day.', '["travel","journey"]', '["daily commute","long commute"]', '[]', NULL, 1, '2026-04-22 03:53:30', '2026-04-22 03:53:30');
INSERT INTO public.vocab_words (id, topic_id, word, phonetic, part_of_speech, definition, example, synonyms, collocations, word_family, vstep_tip, display_order, created_at, updated_at) VALUES ('019db352-52db-739a-9f63-b7240e2abc47', '019db352-52cf-7063-b2ad-697f2231d0df', 'suburb', '/ˈsʌb.ɜːb/', 'noun', 'Vùng ngoại ô', 'They moved to the suburbs.', '["outskirts","residential area"]', '["city suburb","suburban area"]', '[]', NULL, 2, '2026-04-22 03:53:30', '2026-04-22 03:53:30');
INSERT INTO public.vocab_words (id, topic_id, word, phonetic, part_of_speech, definition, example, synonyms, collocations, word_family, vstep_tip, display_order, created_at, updated_at) VALUES ('019db352-52dc-73b9-bef1-cd28b4203124', '019db352-52cf-7063-b2ad-697f2231d0df', 'congestion', '/kənˈdʒes.tʃən/', 'noun', 'Tắc nghẽn', 'Traffic congestion is a daily problem.', '["traffic jam","overcrowding"]', '["traffic congestion","road congestion"]', '[]', NULL, 3, '2026-04-22 03:53:30', '2026-04-22 03:53:30');
INSERT INTO public.vocab_words (id, topic_id, word, phonetic, part_of_speech, definition, example, synonyms, collocations, word_family, vstep_tip, display_order, created_at, updated_at) VALUES ('019db352-52dd-7107-968f-6135218b99b1', '019db352-52cf-7063-b2ad-697f2231d0df', 'sanitation', '/ˌsæn.ɪˈteɪ.ʃən/', 'noun', 'Vệ sinh môi trường', 'Poor sanitation spreads disease.', '["hygiene","sewage system"]', '["basic sanitation","sanitation system"]', '[]', NULL, 4, '2026-04-22 03:53:30', '2026-04-22 03:53:30');
INSERT INTO public.vocab_words (id, topic_id, word, phonetic, part_of_speech, definition, example, synonyms, collocations, word_family, vstep_tip, display_order, created_at, updated_at) VALUES ('019db352-52de-7120-8661-c80114ac4a14', '019db352-52cf-7063-b2ad-697f2231d0df', 'affordable', '/əˈfɔː.də.bəl/', 'adjective', 'Giá cả phải chăng', 'Affordable housing is scarce.', '["cheap","reasonable"]', '["affordable housing","affordable price"]', '[]', NULL, 5, '2026-04-22 03:53:30', '2026-04-22 03:53:30');
INSERT INTO public.vocab_words (id, topic_id, word, phonetic, part_of_speech, definition, example, synonyms, collocations, word_family, vstep_tip, display_order, created_at, updated_at) VALUES ('019db352-52df-7389-a854-f0b0d8fa4b4c', '019db352-52cf-7063-b2ad-697f2231d0df', 'livelihood', '/ˈlaɪv.li.hʊd/', 'noun', 'Sinh kế', 'Farming is their main livelihood.', '["income","means of living"]', '["rural livelihood","sustainable livelihood"]', '[]', NULL, 6, '2026-04-22 03:53:30', '2026-04-22 03:53:30');
INSERT INTO public.vocab_words (id, topic_id, word, phonetic, part_of_speech, definition, example, synonyms, collocations, word_family, vstep_tip, display_order, created_at, updated_at) VALUES ('019db352-52e0-704d-8af5-ea21f7d8eb21', '019db352-52cf-7063-b2ad-697f2231d0df', 'amenity', '/əˈmiː.nɪ.ti/', 'noun', 'Tiện nghi', 'The area lacks basic amenities.', '["facility","convenience"]', '["local amenity","public amenity"]', '[]', NULL, 7, '2026-04-22 03:53:30', '2026-04-22 03:53:30');
INSERT INTO public.vocab_words (id, topic_id, word, phonetic, part_of_speech, definition, example, synonyms, collocations, word_family, vstep_tip, display_order, created_at, updated_at) VALUES ('019db352-52e1-73ea-99cd-b40ef9db7cd5', '019db352-52cf-7063-b2ad-697f2231d0df', 'gentrification', '/ˌdʒen.trɪ.fɪˈkeɪ.ʃən/', 'noun', 'Cải tạo khu dân cư', 'Gentrification displaces poor residents.', '["urban renewal","redevelopment"]', '["urban gentrification","neighborhood gentrification"]', '[]', NULL, 8, '2026-04-22 03:53:30', '2026-04-22 03:53:30');
INSERT INTO public.vocab_words (id, topic_id, word, phonetic, part_of_speech, definition, example, synonyms, collocations, word_family, vstep_tip, display_order, created_at, updated_at) VALUES ('019db352-52e2-714f-82d8-583b68355b28', '019db352-52cf-7063-b2ad-697f2231d0df', 'infrastructure', '/ˈɪn.frəˌstrʌk.tʃər/', 'noun', 'Cơ sở hạ tầng', 'Rural infrastructure needs improvement.', '["facilities","systems"]', '["public infrastructure","transport infrastructure"]', '[]', NULL, 9, '2026-04-22 03:53:30', '2026-04-22 03:53:30');


--
-- PostgreSQL database dump complete
--

\unrestrict IdMIaiGSoOoIeOdP3ZiIfsk65HYLk3aqf4V7UdNK7CWaS2hcQgeukg4OTKiTCYl

